date,open,high,low,close,EMA_21,EMA_50,EMA_200,ST_11_4,ST_DIR_11_4,volume
2025-11-03 09:00:00,366.6,366.7,365.0,365.4,365.4,365.4,365.4,,Up,3
2025-11-03 10:00:00,366.7,367.9,366.6,367.3,365.5727272727272,365.47450980392153,365.4189054726368,360.15909090909093,Up,110
2025-11-03 11:00:00,367.3,367.7,366.5,367.6,365.7570247933884,365.5578623606305,365.44060790574497,360.2173553719009,Up,237
2025-11-03 12:00:00,367.7,375.4,367.7,374.3,366.5336589030803,365.90069128766464,365.52876106091173,362.456686701728,Up,553
2025-11-03 13:00:00,374.3,377.0,374.3,375.9,367.38514445734575,366.29282104108955,365.63195746826585,366.40153336520734,Up,347
2025-11-03 14:00:00,375.9,377.2,375.0,375.3,368.1046767794052,366.64604374536054,365.72815689644233,366.8923030592794,Up,227
2025-11-03 15:00:00,375.3,379.5,374.9,376.7,368.8860697994593,367.0403165396601,365.8373294646369,367.15663914479944,Up,248
2025-11-03 16:00:00,376.7,377.6,376.0,376.4,369.5691543631448,367.40736294986954,365.9424306639938,367.15663914479944,Up,86
2025-11-03 17:00:00,376.4,376.9,375.4,375.7,370.1265039664952,367.73256440281585,366.03952090614314,367.15663914479944,Up,83
2025-11-03 18:00:00,375.4,376.6,374.2,374.2,370.49682178772287,367.9861893281956,366.12071970309694,367.15663914479944,Up,116
2025-11-03 19:00:00,374.2,374.6,370.0,371.2,370.56074707974807,368.1122211192468,366.1712598055537,367.15663914479944,Up,413
2025-11-03 20:00:00,371.2,375.0,367.2,368.2,370.3461337088619,368.11566342829593,366.19144627515016,367.15663914479944,Up,435
2025-11-03 21:00:00,368.2,371.2,366.8,369.9,370.30557609896533,368.1856374115,366.2283473072382,367.15663914479944,Up,271
2025-11-03 22:00:00,369.9,373.9,369.3,372.4,370.49597827178667,368.35090653261767,366.2897567867682,367.15663914479944,Up,233
2025-11-03 23:00:00,372.4,376.8,371.0,376.8,371.0690711561697,368.68224353133854,366.3943363212282,367.15663914479944,Up,227
2025-11-04 00:00:00,376.8,378.3,375.8,377.9,371.69006468742697,369.04372417716843,366.5088205369374,367.15663914479944,Up,336
2025-11-04 09:00:00,376.6,376.6,376.4,376.4,372.1182406249336,369.33220558198536,366.6072402330873,367.15663914479944,Up,3
2025-11-04 10:00:00,376.4,377.6,375.2,377.1,372.5711278408487,369.63682497092714,366.7116458029073,367.15663914479944,Up,292
2025-11-04 11:00:00,377.1,377.4,375.5,376.4,372.91920712804426,369.90204752108684,366.80804733720674,367.15663914479944,Up,76
2025-11-04 12:00:00,376.4,376.4,373.0,373.7,372.99018829822205,370.0509868339854,366.87662398061764,367.15663914479944,Up,293
2025-11-04 13:00:00,373.6,374.4,372.6,373.2,373.00926208929275,370.1744775463781,366.9395431449896,367.15663914479944,Up,165
2025-11-04 14:00:00,373.2,374.5,373.2,374.0,373.0993291720843,370.3244980347555,367.00979644702954,367.15663914479944,Up,61
2025-11-04 15:00:00,374.0,377.0,373.6,376.8,373.4357537928039,370.5784392882945,367.10721140775564,367.15663914479944,Up,76
2025-11-04 16:00:00,376.8,377.8,375.1,376.0,373.66886708436715,370.79104951228294,367.195696866385,367.15663914479944,Up,235
2025-11-04 17:00:00,376.0,377.6,376.0,377.4,374.0080609857883,371.050224041213,367.29723222094833,367.15663914479944,Up,64
2025-11-04 18:00:00,377.3,377.3,372.5,374.2,374.0255099870802,371.17374466704786,367.3659164774563,367.15663914479944,Up,312
2025-11-04 19:00:00,374.2,376.6,372.5,376.6,374.2595545337093,371.3865389938303,367.4577979055413,367.15663914479944,Up,233
2025-11-04 20:00:00,376.6,378.9,372.9,376.5,374.4632313942812,371.5870668764252,367.54777006568526,367.15663914479944,Up,327
2025-11-04 21:00:00,376.5,380.8,375.2,378.4,374.8211194493465,371.8542407244085,367.6557524530914,367.15663914479944,Up,412
2025-11-04 22:00:00,378.4,382.0,376.9,381.6,375.4373813175877,372.236427362667,367.7945011849015,367.15663914479944,Up,406
2025-11-04 23:00:00,381.6,384.3,381.2,384.0,376.21580119780697,372.69774393668007,367.95574992933035,368.30081841643397,Up,445
2025-11-05 00:00:00,384.0,387.9,384.0,386.9,377.18709199800634,373.2546951548495,368.14424993003354,371.3961985603945,Up,333
2025-11-05 17:00:00,378.6,378.7,375.9,378.2,377.2791745436421,373.44862867818875,368.2443071446601,371.3961985603945,Up,58
2025-11-05 18:00:00,377.0,379.6,376.4,378.1,377.35379503967465,373.6310353966912,368.3423737402357,371.3961985603945,Up,718
2025-11-05 19:00:00,378.1,380.4,376.9,378.1,377.42163185424965,373.8062889105464,368.43946454879057,371.3961985603945,Up,262
2025-11-05 20:00:00,378.1,382.7,378.1,379.7,377.62875623113604,374.037414835623,368.5515096776583,371.3961985603945,Up,536
2025-11-05 21:00:00,379.7,384.0,379.6,383.5,378.16250566466914,374.4084966067751,368.7002508748956,371.3961985603945,Up,381
2025-11-05 22:00:00,383.5,384.5,379.4,379.6,378.293186967881,374.61208497513684,368.80870609007076,371.3961985603945,Up,367
2025-11-05 23:00:00,379.6,380.5,376.3,376.5,378.1301699708009,374.6861208584648,368.88523637773176,371.3961985603945,Up,444
2025-11-06 00:00:00,376.5,378.3,376.0,376.5,377.98197270072814,374.7572533738191,368.96100516999314,371.3961985603945,Up,270
2025-11-06 09:00:00,377.0,378.2,377.0,377.2,377.91088427338923,374.8530473591595,369.04298521805293,371.3961985603945,Up,6
2025-11-06 10:00:00,377.2,378.6,377.2,378.6,377.97353115762655,374.9999866784082,369.13807989250023,371.3961985603945,Up,153
2025-11-06 11:00:00,378.6,379.4,378.5,378.9,378.0577555978423,375.1529283772942,369.2352134259082,371.3961985603945,Up,133
2025-11-06 12:00:00,378.9,380.5,377.1,379.6,378.1979596344021,375.3273233428905,369.33834563062555,371.3961985603945,Up,258
2025-11-06 13:00:00,379.6,379.9,378.7,379.4,378.3072360312746,375.48703615297325,369.4384615945,371.3961985603945,Up,51
2025-11-06 14:00:00,379.4,379.4,378.5,378.8,378.35203275570416,375.61695630383707,369.53161123037563,371.3961985603945,Up,22
2025-11-06 15:00:00,378.8,380.2,378.7,379.8,378.4836661415492,375.78099723309833,369.633784252959,371.3961985603945,Up,120
2025-11-06 16:00:00,379.8,379.9,378.0,378.2,378.4578783104992,375.8758600867023,369.71902023054156,371.3961985603945,Up,80
2025-11-06 17:00:00,378.2,380.5,378.2,380.0,378.5980711913629,376.0375910636943,369.82131853670535,371.3961985603945,Up,64
2025-11-06 18:00:00,379.4,380.0,377.4,379.3,378.66188290123904,376.16552866903965,369.9156337751461,371.3961985603945,Up,277
2025-11-06 19:00:00,379.3,381.4,378.2,379.4,378.7289844556719,376.2923706820185,370.0100055783785,371.3961985603945,Up,361
2025-11-06 20:00:00,379.4,380.3,376.4,378.4,378.6990767778835,376.3750228121354,370.09348810993697,371.3961985603945,Up,383
2025-11-06 21:00:00,378.4,381.0,376.2,379.4,378.7627970708032,376.49364936852226,370.1860902182958,371.3961985603945,Up,319
2025-11-06 22:00:00,379.4,381.0,377.9,379.2,378.8025427916392,376.59978076583513,370.2757808628899,371.3961985603945,Up,358
2025-11-06 23:00:00,379.2,380.8,376.1,377.2,378.6568570833084,376.6233187750181,370.34467856574673,371.3961985603945,Up,261
2025-11-07 00:00:00,377.2,379.5,371.0,378.7,378.66077916664403,376.7047572544292,370.4278160924557,371.3961985603945,Up,531
2025-11-07 09:00:00,384.4,384.4,381.7,382.6,379.0188901514946,376.93594324445155,370.54893235024224,371.3961985603945,Up,44
2025-11-07 10:00:00,382.6,383.8,381.1,382.9,379.37171831954055,377.1698278231005,370.6718285457622,371.3961985603945,Up,478
2025-11-07 11:00:00,382.9,384.0,382.5,383.8,379.7742893814005,377.42983457513577,370.8024571174462,371.3961985603945,Up,181
2025-11-07 12:00:00,383.8,386.2,383.5,384.5,380.2038994376368,377.70709596434614,370.9387510764766,371.3961985603945,Up,485
2025-11-07 13:00:00,384.5,385.3,384.0,384.1,380.55809039785163,377.9577980833914,371.06970877720823,371.54529405488637,Up,132
2025-11-07 14:00:00,384.1,384.8,384.0,384.3,380.8982639980469,378.20651188404275,371.20135346599227,372.1957218680785,Up,60
2025-11-07 15:00:00,384.3,384.3,382.9,384.0,381.18023999822447,378.43370749643327,371.3287031827486,372.1957218680785,Up,104
2025-11-07 16:00:00,384.0,384.8,383.6,383.6,381.40021818020404,378.6363072024555,371.45080563864167,373.2146461719658,Up,46
2025-11-07 17:00:00,383.6,384.1,380.8,380.8,381.3456528910946,378.72115790039845,371.5438324482074,373.2146461719658,Up,346
2025-11-07 18:00:00,380.9,380.9,379.0,379.0,381.13241171917684,378.73209288469656,371.6180231701158,373.2146461719658,Up,288
2025-11-07 19:00:00,379.0,380.7,375.6,378.1,380.8567379265244,378.7073049284339,371.68252045200524,373.2146461719658,Up,477
2025-11-07 20:00:00,378.1,380.9,376.3,380.2,380.79703447865853,378.765841990064,371.76727149228384,373.2146461719658,Up,412
2025-11-07 21:00:00,380.2,383.6,379.6,381.8,380.88821316241683,378.884828578689,371.86709963663924,373.2146461719658,Up,513
2025-11-07 22:00:00,381.8,384.2,380.5,381.2,380.9165574203789,378.97561961481887,371.95996431687166,373.2146461719658,Up,374
2025-11-07 23:00:00,381.2,382.6,380.0,382.0,381.0150522003445,379.09422276717896,372.0598651694402,373.2146461719658,Up,181
2025-11-08 00:00:00,382.0,382.2,379.4,380.4,380.9591383639495,379.1454297174857,372.14285158566463,373.2146461719658,Up,216
2025-11-10 09:00:00,384.9,395.9,384.9,389.0,381.6901257854086,379.5318834540549,372.3105844057078,373.39362365200395,Up,135
2025-11-10 10:00:00,389.0,389.5,387.3,389.3,382.38193253218964,379.9149468480135,372.47963331709377,373.39362365200395,Up,806
2025-11-10 11:00:00,389.3,391.0,389.2,390.9,383.1563023019906,380.34573324613064,372.66292054776943,374.6633253322347,Up,274
2025-11-10 12:00:00,390.9,392.5,390.3,392.5,384.005729365446,380.8223711580471,372.86030442291604,376.5666593929406,Up,313
2025-11-10 13:00:00,392.5,392.5,391.7,392.2,384.75066305949633,381.2685526812609,373.0527392047776,378.32423581176425,Up,124
2025-11-10 14:00:00,392.2,392.2,391.0,391.4,385.35514823590574,381.6658643408194,373.2352990136853,378.64021437433115,Up,116
2025-11-10 15:00:00,391.4,391.4,390.6,391.0,385.86831657809614,382.0319088764735,373.41206220757897,378.9274676130283,Up,64
2025-11-10 16:00:00,391.0,392.5,390.6,392.0,386.42574234372375,382.4228144107295,373.5970168124787,379.88406146638937,Up,109
2025-11-10 17:00:00,392.0,392.0,390.1,390.6,386.80522031247614,382.7434883554068,373.7662007247924,379.88406146638937,Up,61
2025-11-10 18:00:00,390.6,391.1,387.7,387.9,386.9047457386146,382.945704498332,373.9068355434512,379.88406146638937,Up,318
2025-11-10 19:00:00,387.9,389.0,385.5,385.5,386.7770415805588,383.04587294937784,374.02219041366567,379.88406146638937,Up,308
2025-11-10 20:00:00,385.5,385.5,377.6,378.6,386.0336741641444,382.87152499057873,374.06774075780834,395.08862340933723,Down,957
2025-11-10 21:00:00,378.6,380.9,377.2,380.8,385.5578856037676,382.7902887164384,374.1347284119595,392.70329400848834,Down,541
2025-11-10 22:00:00,380.8,382.4,377.9,377.9,384.8617141852433,382.5985126883428,374.17219380089523,392.70329400848834,Down,337
2025-11-10 23:00:00,377.9,379.4,376.0,379.3,384.35610380476663,382.46915924958427,374.22321674815004,391.70768099875073,Down,338
2025-11-11 00:00:00,379.3,380.3,377.2,380.2,383.97827618615145,382.3801726123457,374.28268722826795,391.70768099875073,Down,160
2025-11-11 09:00:00,383.0,384.6,382.2,382.4,383.8347965328649,382.3809501569596,374.3634565095787,391.70768099875073,Down,18
2025-11-11 10:00:00,382.4,383.4,382.2,382.5,383.71345139351354,382.3856187782553,374.4444171413242,391.70768099875073,Down,355
2025-11-11 11:00:00,382.5,382.5,381.3,382.5,383.60313763046685,382.39010431636297,374.52457219464435,391.70768099875073,Down,172
2025-11-11 12:00:00,382.5,383.0,377.1,378.2,383.1119433004244,382.225786500035,374.5611436155932,391.70768099875073,Down,351
2025-11-11 13:00:00,378.2,380.3,378.0,379.0,382.7381302731131,382.09928506866106,374.6053113408112,391.70768099875073,Down,244
2025-11-11 14:00:00,379.0,380.0,378.5,379.0,382.3983002482846,381.9777444777332,374.64903958617634,391.70768099875073,Down,105
2025-11-11 15:00:00,379.0,379.1,378.1,379.0,382.0893638620769,381.8609701844888,374.69233272462236,390.34792923030363,Down,135
2025-11-11 16:00:00,379.0,379.0,377.2,377.9,381.70851260188806,381.7056380203912,374.72424981193956,389.4344811184578,Down,121
2025-11-11 17:00:00,377.9,379.9,377.9,378.9,381.45319327444366,381.5956129999837,374.76579956505464,389.4344811184578,Down,108
2025-11-11 18:00:00,378.9,379.8,376.2,379.7,381.293812067676,381.52127523527844,374.8148960867954,389.3375877012048,Down,207
2025-11-11 19:00:00,379.9,381.6,377.5,381.0,381.2671018797054,381.50083306918907,374.87643940931486,389.3375877012048,Down,398
2025-11-11 20:00:00,381.0,384.5,380.1,384.0,381.5155471633685,381.5988396154954,374.96722110673466,389.3375877012048,Down,713
2025-11-11 21:00:00,384.0,389.5,384.0,389.1,382.20504287578956,381.89300276782893,375.1078457723393,389.3375877012048,Down,980
2025-11-11 22:00:00,389.1,393.9,387.5,392.0,383.09549352344504,382.2893556004631,375.275926908933,376.36836438685555,Up,1340
2025-11-11 23:00:00,392.0,392.5,390.4,390.9,383.8049941122228,382.62702792985675,375.43139032277446,377.6576039880505,Up,296
2025-11-12 00:00:00,390.9,392.5,389.9,392.0,384.5499946474753,382.9945954620192,375.59625211060757,377.71600362550043,Up,438
2025-11-12 09:00:00,394.0,394.0,392.3,392.3,385.2545405886139,383.35951328703806,375.7624585572682,380.1645487504549,Up,8
2025-11-12 10:00:00,392.3,395.0,391.9,394.5,386.0950368987399,383.79639511891895,375.94890175570333,380.5177715913226,Up,647
2025-11-12 11:00:00,394.5,396.3,394.0,395.4,386.9409426352181,384.2514384475888,376.1424450218158,382.5570650830206,Up,319
2025-11-12 12:00:00,395.4,395.4,391.3,391.7,387.37358421383465,384.5435389006245,376.29724656388726,382.5570650830206,Up,262
2025-11-12 13:00:00,391.7,393.6,391.5,392.8,387.86689473984967,384.8673216888353,376.46145306573914,382.5570650830206,Up,154
2025-11-12 14:00:00,392.8,394.6,392.5,394.0,388.4244497634997,385.22546593633194,376.63596597055766,382.5570650830206,Up,156
2025-11-12 15:00:00,394.0,395.3,393.6,394.6,388.9858634213634,385.5930947231425,376.81471257781584,382.7852128153956,Up,127
2025-11-12 16:00:00,394.6,395.6,393.0,393.0,389.35078492851216,385.88356159674476,376.9757602138575,382.7852128153956,Up,134
2025-11-12 17:00:00,393.0,396.4,392.0,395.6,389.9188953895565,386.26459839687243,377.1610760326251,382.7852128153956,Up,249
2025-11-12 18:00:00,395.8,395.8,390.0,390.5,389.971723081415,386.4306925773872,377.2938016442408,382.7852128153956,Up,568
2025-11-12 19:00:00,390.5,391.7,388.8,390.0,389.97429371037725,386.5706654174897,377.4202314786265,382.7852128153956,Up,640
2025-11-12 20:00:00,390.0,395.4,390.0,392.7,390.222085191252,386.8110314795489,377.5722689763516,382.7852128153956,Up,588
2025-11-12 21:00:00,392.7,396.4,392.7,394.2,390.5837138102291,387.10079495093913,377.73771903628847,382.7852128153956,Up,556
2025-11-12 22:00:00,394.2,394.5,391.1,392.9,390.7942852820264,387.32821475678463,377.8885875035891,382.7852128153956,Up,259
2025-11-12 23:00:00,392.9,394.5,392.0,392.7,390.9675320745694,387.5388730016166,378.0359647423594,382.7852128153956,Up,163
2025-11-13 00:00:00,392.7,392.7,389.2,391.5,391.01593824960855,387.6942113152787,378.16993524243543,382.7852128153956,Up,282
2025-11-13 09:00:00,393.0,393.0,393.0,393.0,391.19630749964415,387.9022814597776,378.317498075844,382.7852128153956,Up,0
2025-11-13 10:00:00,393.0,394.9,392.4,393.0,391.36027954513105,388.10219199076676,378.463592622353,382.7852128153956,Up,300
2025-11-13 11:00:00,393.0,393.3,392.5,392.8,391.49116322284635,388.2864197558347,378.60624344203114,382.7852128153956,Up,78
2025-11-13 12:00:00,392.8,395.0,390.2,390.6,391.4101483844058,388.37714839286076,378.72558430330446,382.7852128153956,Up,338
2025-11-13 13:00:00,390.6,391.3,389.5,390.4,391.3183167130962,388.4564759068662,378.8417476435701,382.7852128153956,Up,292
2025-11-13 14:00:00,390.3,391.7,390.0,391.0,391.28937883008746,388.5562219497342,378.96272527895746,382.7852128153956,Up,116
2025-11-13 15:00:00,391.0,392.1,390.4,392.1,391.36307166371586,388.6951936379799,379.09344443041067,382.7852128153956,Up,77
2025-11-13 16:00:00,392.1,393.1,391.3,393.0,391.5118833306508,388.8640095737454,379.2318181176703,382.7852128153956,Up,148
2025-11-13 17:00:00,393.0,393.4,391.0,391.7,391.52898484604617,388.97522488457895,379.35587962893726,382.7852128153956,Up,102
2025-11-13 18:00:00,391.7,395.0,390.6,394.4,391.78998622367834,389.18796116361506,379.50557236894787,382.7852128153956,Up,400
2025-11-13 19:00:00,394.4,394.9,392.5,393.3,391.9272602033439,389.3492175885714,379.6428303553265,382.7852128153956,Up,275
2025-11-13 20:00:00,393.3,396.5,392.4,395.7,392.2702365484945,389.59826787921565,379.80260318761185,382.88238053839336,Up,468
2025-11-13 21:00:00,395.7,400.4,394.0,399.0,392.8820332259041,389.9669632565013,379.993622061367,384.3567095803576,Up,1320
2025-11-13 22:00:00,399.0,402.4,398.0,401.2,393.63821202354916,390.4074745013444,380.2046307970748,386.9242814366887,Up,700
2025-11-13 23:00:00,401.2,402.5,400.6,401.9,394.38928365777195,390.8581617758015,380.42050511750193,388.7902558515352,Up,310
2025-11-14 00:00:00,401.9,403.5,400.3,403.2,395.19025787070177,391.34215543165243,380.64716675812383,389.1365962286684,Up,421
2025-11-14 09:00:00,401.2,402.1,399.7,400.9,395.7093253370016,391.7169728657053,380.84868748689877,389.1365962286684,Up,51
2025-11-14 10:00:00,400.4,401.0,399.3,400.5,396.144841215456,392.0614053023443,381.04422293479035,389.1365962286684,Up,567
2025-11-14 11:00:00,400.5,400.6,397.4,397.8,396.2953101958691,392.28644823166417,381.210947084693,389.1365962286684,Up,364
2025-11-14 12:00:00,397.8,398.3,393.1,393.8,396.0684638144264,392.34580320297147,381.3362112928055,389.1365962286684,Up,527
2025-11-14 13:00:00,393.8,395.4,393.4,394.9,395.9622398312967,392.4459677832471,381.4711743645189,389.1365962286684,Up,398
2025-11-14 14:00:00,394.9,396.7,394.3,396.4,396.00203621026975,392.6010278701786,381.6197198932302,389.1365962286684,Up,204
2025-11-14 15:00:00,396.4,397.0,395.4,396.1,396.01094200933613,392.73824246350495,381.7638022823523,389.1365962286684,Up,164
2025-11-14 16:00:00,396.1,397.9,395.6,396.8,396.0826745539419,392.89752707277927,381.9134161899906,389.1365962286684,Up,151
2025-11-14 17:00:00,396.8,397.1,395.2,396.4,396.1115223217654,393.0348789522781,382.057561302528,389.1365962286684,Up,130
2025-11-14 18:00:00,396.4,396.5,390.7,391.8,395.71956574705945,392.9864523266986,382.15450099106005,389.1365962286684,Up,545
2025-11-14 19:00:00,391.8,394.5,390.7,391.5,395.33596886096313,392.92816007859284,382.24749103095,389.1365962286684,Up,488
2025-11-14 20:00:00,391.5,391.7,387.5,390.9,394.9326989645119,392.84862438923625,382.33358564755747,389.1365962286684,Up,719
2025-11-14 21:00:00,390.9,390.9,384.6,386.5,394.1660899677381,392.5996587269133,382.3750425067858,401.83255591110964,Down,584
2025-11-14 22:00:00,386.5,390.5,386.5,388.8,393.6782636070347,392.45065250232847,382.4389724320914,401.83255591110964,Down,310
2025-11-14 23:00:00,388.8,391.5,387.0,390.5,393.3893305518497,392.3741563257666,382.51918166162284,401.83255591110964,Down,294
2025-11-15 00:00:00,390.5,393.4,389.7,393.0,393.3539368653179,392.3986992149523,382.62346841125844,401.83255591110964,Down,329
2025-11-17 09:00:00,389.5,390.9,387.5,389.6,393.01266987756173,392.288946304562,382.692886636022,401.83255591110964,Down,39
2025-11-17 10:00:00,389.6,390.0,388.6,388.6,392.61151807051067,392.1442817435988,382.75166388342484,401.83255591110964,Down,313
2025-11-17 11:00:00,388.6,389.8,388.2,389.5,392.3286527913734,392.04058442032044,382.81881150647536,401.83255591110964,Down,114
2025-11-17 12:00:00,389.5,392.9,389.3,391.5,392.25332071943035,392.0193850312883,382.9051914914856,401.83255591110964,Down,400
2025-11-17 13:00:00,391.5,391.6,390.0,391.6,392.1939279267549,392.00293855947314,382.99170699903306,401.83255591110964,Down,62
2025-11-17 14:00:00,391.6,392.0,390.5,391.9,392.1672072061408,391.9989017532193,383.080346730386,401.83255591110964,Down,94
2025-11-17 15:00:00,391.9,392.0,391.0,391.1,392.0701883692189,391.9636507040734,383.1601442753573,401.83255591110964,Down,87
2025-11-17 16:00:00,391.1,392.8,390.2,390.2,391.90017124474446,391.89448793136467,383.2301925910254,401.83255591110964,Down,151
2025-11-17 17:00:00,390.2,391.6,389.2,389.7,391.7001556770404,391.8084295811151,383.29456878414953,401.7739162947457,Down,126
2025-11-17 18:00:00,389.1,390.6,387.6,388.0,391.3637778882185,391.6590794014635,383.34138899525254,400.5308329952234,Down,349
2025-11-17 19:00:00,388.0,390.6,387.2,389.7,391.2125253529259,391.58225275826885,383.4046587564938,400.5280299956576,Down,475
2025-11-17 20:00:00,389.7,391.1,385.6,390.4,391.13865941175084,391.53588990500344,383.47426414200135,400.5280299956576,Down,752
2025-11-17 21:00:00,390.4,393.3,390.2,392.9,391.2987812834099,391.58938441853275,383.5680525584989,400.5280299956576,Down,645
2025-11-17 22:00:00,392.9,393.2,388.1,389.2,391.10798298491807,391.4956830687864,383.62409183652375,400.5280299956576,Down,449
2025-11-17 23:00:00,389.2,390.4,387.5,388.4,390.8618027135619,391.37428373275554,383.67161331078717,400.5280299956576,Down,264
2025-11-18 00:00:00,388.4,391.0,387.0,389.0,390.6925479214199,391.2811745667651,383.7246320838142,400.5280299956576,Down,388
2025-11-18 09:00:00,384.0,384.0,381.4,382.4,389.9386799285635,390.93289321120574,383.71145166506983,397.62632790835744,Down,20
2025-11-18 10:00:00,382.4,383.5,381.8,382.4,389.25334538960317,390.5982699480212,383.69840239477065,396.8375708257795,Down,846
2025-11-18 11:00:00,382.4,382.4,380.7,381.8,388.57576853600284,390.2532397539812,383.6795128187033,395.0659734779813,Down,289
2025-11-18 12:00:00,381.8,383.5,379.6,381.1,387.896153214548,389.8942891753937,383.6538460244874,395.0659734779813,Down,657
2025-11-18 13:00:00,381.1,381.8,380.7,381.1,387.27832110413453,389.54941509008415,383.6284346212587,394.10948221320774,Down,99
2025-11-18 14:00:00,381.1,382.8,381.1,382.6,386.85301918557684,389.27688900812007,383.61820144094764,394.10948221320774,Down,181
2025-11-18 15:00:00,382.6,383.1,382.0,382.4,386.4481992596153,389.007207086233,383.6060800335751,394.10948221320774,Down,125
2025-11-18 16:00:00,382.4,383.4,382.4,382.8,386.11654478146846,388.76378720049837,383.5980593367236,393.79968611059934,Down,158
2025-11-18 17:00:00,382.8,383.2,381.1,381.7,385.71504071042585,388.4867759377338,383.57917317416917,392.82244191872667,Down,124
2025-11-18 18:00:00,381.7,382.9,378.6,378.6,385.06821882765985,388.0990592342933,383.52962916248595,392.01585628975147,Down,590
2025-11-18 19:00:00,378.6,381.0,376.0,380.6,384.6620171160544,387.8049784800073,383.50047862355575,390.5598693543195,Down,1141
2025-11-18 20:00:00,380.6,381.0,377.0,377.8,384.0381973782313,387.41262638275214,383.4437574432219,390.5598693543195,Down,666
2025-11-18 21:00:00,377.8,377.8,372.0,373.6,383.0892703438466,386.8709547598991,383.345809607966,388.2982391358013,Down,1120
2025-11-18 22:00:00,373.6,374.8,372.6,374.4,382.29933667622413,386.38189771049133,383.256796577041,386.680217396183,Down,288
2025-11-18 23:00:00,374.4,374.4,372.9,373.3,381.48121516020376,385.86888211400145,383.15772397428435,385.9956521783481,Down,194
2025-11-19 00:00:00,373.3,380.8,373.3,380.8,381.41928650927616,385.6701024232563,383.1342640342417,385.9956521783481,Down,948
2025-11-19 09:00:00,380.7,381.5,380.3,380.3,381.317533190251,385.45951017136395,383.1060624020602,385.9956521783481,Down,23
2025-11-19 10:00:00,380.3,380.7,379.3,380.2,381.2159392638646,385.2532548705262,383.07714635825863,385.9956521783481,Down,457
2025-11-19 11:00:00,380.2,381.7,380.2,381.3,381.2235811489678,385.0982252677604,383.05946330991776,385.9956521783481,Down,257
2025-11-19 12:00:00,381.3,381.6,378.4,380.5,381.1578010445162,384.91790270824043,383.03399601330165,385.9956521783481,Down,386
2025-11-19 13:00:00,380.5,381.4,380.1,381.4,381.17981913137834,384.7799457392898,383.01773734650266,385.9956521783481,Down,81
2025-11-19 14:00:00,381.4,381.5,380.2,381.4,381.1998355739803,384.64739884755295,383.0016404574827,385.9956521783481,Down,184
2025-11-19 15:00:00,381.4,381.6,380.4,381.3,381.2089414308912,384.51612830451165,382.98470871163715,385.9956521783481,Down,90
2025-11-19 16:00:00,381.3,382.0,380.0,380.8,381.1717649371738,384.37039778276613,382.96297031649647,385.9956521783481,Down,370
2025-11-19 17:00:00,380.8,383.0,380.6,381.9,381.23796812470346,384.27351943834395,382.9523934974269,385.9956521783481,Down,256
2025-11-19 18:00:00,381.9,384.8,380.5,384.7,381.552698295185,384.290244166252,382.96978261685547,385.9956521783481,Down,569
2025-11-19 19:00:00,384.7,389.2,384.6,388.5,382.1842711774409,384.4553326303206,383.02480965549375,375.5543742172237,Up,1351
2025-11-19 20:00:00,388.5,391.8,387.9,390.2,382.91297379767354,384.68061370364137,383.0962045842948,378.1176129247488,Up,1006
2025-11-19 21:00:00,390.2,392.0,388.0,391.2,383.66633981606685,384.9362759113417,383.17683936455063,378.1176129247488,Up,579
2025-11-19 22:00:00,391.2,392.4,388.9,392.4,384.46030892369714,385.228970973642,383.2686121071919,378.3587710121891,Up,684
2025-11-19 23:00:00,392.4,393.1,390.8,391.9,385.1366444760883,385.4905799550678,383.3544965638368,379.93979182926284,Up,692
2025-11-20 00:00:00,391.9,394.7,389.8,392.0,385.760585887353,385.74585132937887,383.44052147364937,379.93979182926284,Up,1128
2025-11-20 09:00:00,392.4,392.8,390.5,390.8,386.21871444304816,385.9440532380307,383.51375011570263,379.93979182926284,Up,29
2025-11-20 10:00:00,390.8,393.5,390.8,392.8,386.81701313004373,386.2129138953628,383.6061506120638,379.93979182926284,Up,434
2025-11-20 11:00:00,392.8,394.3,392.3,394.2,387.48819375458515,386.52613295828974,383.71156204875973,381.4471155175622,Up,196
2025-11-20 12:00:00,394.2,394.2,389.6,390.9,387.7983579587138,386.69765715600386,383.78308879454323,381.4471155175622,Up,609
2025-11-20 13:00:00,390.9,391.8,390.6,390.8,388.07123450792164,386.8585333459645,383.85290880653787,381.4471155175622,Up,187
2025-11-20 14:00:00,390.8,391.0,390.2,390.4,388.28294046174693,386.9974143912208,383.9180539925425,381.4471155175622,Up,137
2025-11-20 15:00:00,390.4,391.2,390.0,390.6,388.4935822379517,387.13869225823174,383.98454101749235,381.4471155175622,Up,159
2025-11-20 16:00:00,390.6,392.2,390.6,390.6,388.6850747617743,387.2744298167325,384.05036648000487,381.4471155175622,Up,265
2025-11-20 17:00:00,390.6,391.6,389.3,390.3,388.8318861470675,387.393079627841,384.11255188816403,381.4471155175622,Up,299
2025-11-20 18:00:00,390.3,394.2,389.6,392.0,389.1198964973341,387.57374317184724,384.1910339589286,381.4471155175622,Up,655
2025-11-20 19:00:00,392.0,393.7,390.0,390.5,389.2453604521219,387.68849834157874,384.2538097404318,381.4471155175622,Up,629
2025-11-20 20:00:00,390.5,390.6,385.1,387.8,389.1139640473835,387.6928709556345,384.2890952156514,381.4471155175622,Up,1448
2025-11-20 21:00:00,387.8,392.9,387.8,392.5,389.42178549762133,387.8813858201194,384.37079576076934,381.4471155175622,Up,887
2025-11-20 22:00:00,392.1,395.6,388.6,394.0,389.8379868160194,388.12133147423236,384.46660873827415,381.4471155175622,Up,2128
2025-11-20 23:00:00,394.0,395.2,390.6,391.9,390.0254425600176,388.26951455367424,384.5405728304306,381.4471155175622,Up,742
2025-11-21 00:00:00,391.9,393.3,386.1,387.1,389.7594932363796,388.2236512378439,384.5660397674412,381.4471155175622,Up,1374
2025-11-21 09:00:00,386.8,386.9,385.5,386.0,389.41772112398144,388.1364492285167,384.58030802846173,381.4471155175622,Up,35
2025-11-21 10:00:00,386.8,387.1,385.3,385.5,389.06156465816497,388.03305906269253,384.58945919235765,381.4471155175622,Up,646
2025-11-21 11:00:00,385.5,386.1,385.2,385.7,388.75596787105906,387.9415665504301,384.60050934964767,381.4471155175622,Up,301
2025-11-21 12:00:00,385.7,391.6,383.6,390.7,388.9326980645991,388.04974041119755,384.66120079890493,381.4471155175622,Up,1490
2025-11-21 13:00:00,390.7,391.5,390.5,391.1,389.1297255132719,388.1693584342878,384.7252684526472,381.4471155175622,Up,569
2025-11-21 14:00:00,391.1,391.3,389.9,390.0,389.2088413757017,388.2411482996099,384.77775334366567,381.4471155175622,Up,318
2025-11-21 15:00:00,390.0,392.9,389.5,392.1,389.4716739779106,388.39247581727227,384.85061151935065,381.4471155175622,Up,393
2025-11-21 16:00:00,392.1,393.1,391.6,393.1,389.80152179810057,388.5770846087518,384.9326949868198,381.4471155175622,Up,524
2025-11-21 17:00:00,393.1,393.2,391.1,392.0,390.0013834528187,388.7113165848792,385.00301642973704,381.4471155175622,Up,240
2025-11-21 18:00:00,392.3,392.5,390.5,390.5,390.0467122298352,388.781461032531,385.05771278367,381.4471155175622,Up,331
2025-11-21 19:00:00,390.5,392.2,389.2,392.0,390.2242838453047,388.9076782469416,385.12679026840965,381.4471155175622,Up,721
2025-11-21 20:00:00,392.0,392.8,390.3,391.2,390.3129853139133,388.99757321764974,385.1872202159877,381.4471155175622,Up,667
2025-11-21 21:00:00,391.2,396.0,390.5,395.2,390.7572593762848,389.240805640487,385.2868498655798,381.4471155175622,Up,1602
2025-11-21 22:00:00,395.2,399.6,394.3,396.1,391.2429630693498,389.50979365458556,385.39444339925564,383.5286749501731,Up,1785
2025-11-21 23:00:00,396.1,396.5,391.6,393.5,391.44814824486343,389.6662723347979,385.47509570374064,383.5286749501731,Up,1392
2025-11-22 00:00:00,393.5,398.4,392.7,396.6,391.9164984044213,389.9381832236294,385.5857912688776,383.5286749501731,Up,1365
2025-11-24 09:00:00,386.1,386.1,383.0,385.6,391.34227127674666,389.7680583913302,385.5859326492868,383.5286749501731,Up,250
2025-11-24 10:00:00,385.6,385.6,383.2,384.2,390.6929738879515,389.54970316029767,385.57214227466704,383.5286749501731,Up,2335
2025-11-24 11:00:00,384.2,384.5,383.6,384.0,390.0845217163195,389.3320677422468,385.55649906795395,383.5286749501731,Up,548
2025-11-24 12:00:00,384.0,392.4,383.9,389.6,390.0404742875632,389.34257488960964,385.5967329080738,383.5286749501731,Up,1929
2025-11-24 13:00:00,389.6,390.5,388.6,389.4,389.98224935233014,389.34482685472295,385.63457636172484,383.5286749501731,Up,736
2025-11-24 14:00:00,389.2,391.2,388.8,389.1,389.90204486575465,389.33522580159655,385.6690581889714,383.5286749501731,Up,460
2025-11-24 15:00:00,389.1,390.1,388.0,388.2,389.7473135143224,389.29070714271046,385.6942416895787,383.5286749501731,Up,616
2025-11-24 16:00:00,388.2,388.3,385.8,386.7,389.4702850130203,389.18911078417284,385.704249234956,383.5286749501731,Up,716
2025-11-24 17:00:00,386.7,387.0,384.7,385.2,389.0820772845639,389.0326750671465,385.6992318296331,383.5286749501731,Up,756
2025-11-24 18:00:00,385.9,387.0,383.9,385.5,388.75643389505814,388.8941387900035,385.6972494233681,383.5286749501731,Up,1116
2025-11-24 19:00:00,385.5,387.8,384.1,385.3,388.44221263187103,388.7531921707877,385.6932966927873,383.5286749501731,Up,749
2025-11-24 20:00:00,385.7,388.8,383.3,385.1,388.1383751198827,388.60992973271766,385.68739324310786,383.5286749501731,Up,2170
2025-11-24 21:00:00,385.1,385.8,383.6,385.0,387.85306829080247,388.4683638608464,385.6805535093456,383.5286749501731,Up,671
2025-11-24 22:00:00,385.0,388.3,384.7,387.0,387.77551662800226,388.4107809643427,385.6936823301482,383.5286749501731,Up,1153
2025-11-24 23:00:00,387.0,387.0,384.1,385.1,387.5322878436384,388.2809464167214,385.6877750432811,383.5286749501731,Up,675
2025-11-25 00:00:00,385.1,387.8,384.6,387.0,387.48389803967126,388.2307132239088,385.7008320080246,383.5286749501731,Up,1022
2025-11-25 09:00:00,385.7,386.8,382.5,383.8,387.14899821788293,388.05695976414773,385.68191825670095,383.5286749501731,Up,193
2025-11-25 10:00:00,383.7,384.6,383.4,384.2,386.88090747080264,387.9057064400635,385.6671728014104,383.5286749501731,Up,935
2025-11-25 11:00:00,384.2,387.4,384.1,384.9,386.7008249734569,387.7878355992767,385.6595392411974,383.5286749501731,Up,824
2025-11-25 12:00:00,384.9,385.1,379.4,380.0,386.091659066779,387.482430281658,385.6032254179019,396.64082528391,Down,3283
2025-11-25 13:00:00,380.0,380.6,378.9,379.7,385.51059915161727,387.1772369372793,385.5444868565298,393.45075025809996,Down,877
2025-11-25 14:00:00,379.6,379.7,378.0,378.2,384.845999228743,386.825188429935,385.47140738532056,391.92340932554544,Down,731
2025-11-25 15:00:00,378.2,379.9,378.2,379.4,384.35090838976635,386.53400456993757,385.41099537153633,391.55309938685946,Down,638
2025-11-25 16:00:00,379.4,379.4,377.9,378.4,383.8099167179694,386.21502399856746,385.34123422356083,390.5619085335086,Down,666
2025-11-25 17:00:00,378.2,380.1,377.1,379.2,383.39083337997215,385.9399250182315,385.2801274153662,390.51991684864424,Down,792
2025-11-25 18:00:00,379.2,380.4,377.6,378.1,382.9098485272474,385.6324769783009,385.20868336148203,390.51991684864424,Down,761
2025-11-25 19:00:00,378.1,379.1,372.2,374.5,382.1453168429522,385.1959092536616,385.1021292981837,388.93588169309436,Down,2639
2025-11-25 20:00:00,374.2,375.4,367.7,368.9,380.94119712995655,384.5568539888121,384.9409140812864,386.42807426644936,Down,3548
2025-11-25 21:00:00,368.9,370.8,368.2,368.9,379.846542845415,383.942859714741,384.7813029959005,383.97097660586314,Down,1396
2025-11-25 22:00:00,368.9,372.6,368.2,369.8,378.93322076855907,383.38823776514334,384.63223530439905,383.97097660586314,Down,1785
2025-11-25 23:00:00,369.8,369.8,367.0,367.5,377.8938370623264,382.7651696174907,384.46176530137024,382.83221207096125,Down,1160
2025-11-26 00:00:00,367.5,372.1,367.3,370.8,377.24894278393305,382.2959472795499,384.32582733817253,382.83221207096125,Down,1419
2025-11-26 09:00:00,371.6,371.9,370.2,371.7,376.74449343993916,381.8804199352538,384.20019721540467,382.83221207096125,Down,40
2025-11-26 10:00:00,371.7,372.7,371.0,372.0,376.3131758544901,381.4929524868125,384.0788022182365,382.83221207096125,Down,731
2025-11-26 11:00:00,372.0,372.8,369.7,369.7,375.71197804953647,381.0304837618395,383.9357295593486,382.83221207096125,Down,573
2025-11-26 12:00:00,369.7,375.2,368.9,374.9,375.6381618632149,380.79007263392424,383.84582180253915,382.83221207096125,Down,1678
2025-11-26 13:00:00,374.9,375.9,373.8,374.9,375.57105623928624,380.5590893933782,383.75680865027505,382.83221207096125,Down,924
2025-11-26 14:00:00,374.9,374.9,373.1,373.4,375.3736874902602,380.2783407897163,383.65375582788425,382.83221207096125,Down,253
2025-11-26 15:00:00,373.4,375.0,373.4,374.5,375.294261354782,380.0517391901196,383.5626736803431,382.83221207096125,Down,471
2025-11-26 16:00:00,374.5,376.3,374.0,376.0,375.3584194134382,379.89284745717373,383.4874231959616,382.83221207096125,Down,552
2025-11-26 17:00:00,376.0,377.3,375.3,376.8,375.4894721940347,379.77155932159826,383.4208816716237,382.83221207096125,Down,584
2025-11-26 18:00:00,376.8,379.1,375.1,378.9,375.79952017639516,379.73738052467286,383.37589777439365,382.83221207096125,Down,1552
2025-11-26 19:00:00,378.9,381.6,378.7,379.0,376.09047288763196,379.70846364135235,383.3323565030067,382.83221207096125,Down,2474
2025-11-26 20:00:00,379.0,381.4,377.4,378.6,376.31861171602907,379.6649944789464,383.2852683785987,382.83221207096125,Down,1963
2025-11-26 21:00:00,378.6,379.5,377.0,378.1,376.48055610548096,379.60362214643874,383.2336736683639,382.83221207096125,Down,1150
2025-11-26 22:00:00,378.1,381.2,376.5,378.0,376.6186873686191,379.5407350034411,383.1815973134548,382.83221207096125,Down,1967
2025-11-26 23:00:00,378.0,380.6,377.7,379.0,376.8351703351082,379.51952970918853,383.13998937998764,382.83221207096125,Down,1766
2025-11-27 00:00:00,379.0,379.4,375.0,376.0,376.7592457591893,379.3815089362792,383.06894470954,382.83221207096125,Down,1512
2025-11-27 09:00:00,379.8,380.5,379.4,380.0,377.0538597810812,379.4057634877976,383.038407946261,382.83221207096125,Down,85
2025-11-27 10:00:00,380.0,380.5,379.1,379.5,377.27623616461926,379.4094590372958,383.0031999069947,382.83221207096125,Down,1017
2025-11-27 11:00:00,379.5,379.9,379.3,379.3,377.46021469510845,379.4051665260293,382.96635214672614,382.83221207096125,Down,178
2025-11-27 12:00:00,379.3,381.8,376.9,381.0,377.7820133591895,379.4677090152046,382.9467864537239,382.83221207096125,Down,1559
2025-11-27 13:00:00,381.0,381.3,379.8,380.1,377.99273941744497,379.4925047400985,382.91846022035355,382.83221207096125,Down,579
2025-11-27 14:00:00,380.1,380.4,379.1,379.9,378.1661267431318,379.50848494636915,382.88842579030035,382.83221207096125,Down,248
2025-11-27 15:00:00,379.9,380.3,379.3,379.3,378.26920613011987,379.50030906611937,382.85272006104367,382.83221207096125,Down,197
2025-11-27 16:00:00,379.3,380.0,378.2,379.1,378.3447328455635,379.48461067136964,382.8153795629238,382.83221207096125,Down,335
2025-11-27 17:00:00,379.1,379.7,377.9,378.4,378.3497571323304,379.4420769195512,382.77144543791957,382.83221207096125,Down,606
2025-11-27 18:00:00,378.4,379.1,376.0,376.5,378.18159739302763,379.3267013540786,382.70904299575125,382.83221207096125,Down,988
2025-11-27 19:00:00,376.5,377.3,374.7,376.8,378.0559976300251,379.2276150264676,382.6502465480323,382.83221207096125,Down,1488
2025-11-27 20:00:00,376.8,379.0,376.3,377.6,378.0145433000228,379.163786986214,382.5999953385992,382.83221207096125,Down,1436
2025-11-27 21:00:00,377.6,380.1,377.4,380.1,378.204130272748,379.20050122204873,382.57511976309075,382.83221207096125,Down,900
2025-11-27 22:00:00,379.8,380.5,378.3,380.3,378.39466388431634,379.2436188211841,382.55248175549787,382.83221207096125,Down,1595
2025-11-27 23:00:00,380.3,380.8,378.9,379.7,378.5133308039239,379.2615161223141,382.5240988524581,382.83221207096125,Down,935
2025-11-28 00:00:00,379.7,381.0,379.1,380.6,378.7030280035672,379.3140056861449,382.5049535902446,382.83221207096125,Down,1440
2025-11-28 09:00:00,381.6,382.8,381.0,381.8,378.9845709123338,379.4114956592373,382.4979391266601,382.83221207096125,Down,60
2025-11-28 10:00:00,381.8,381.8,380.2,380.5,379.1223371930307,379.4541821039731,382.47805913535007,382.83221207096125,Down,501
2025-11-28 11:00:00,380.5,380.7,379.5,379.6,379.1657610845734,379.4599004528369,382.4494217310182,382.83221207096125,Down,255
2025-11-28 12:00:00,379.6,381.6,379.6,381.4,379.36887371324855,379.53598278801974,382.4389797237444,382.83221207096125,Down,654
2025-11-28 13:00:00,381.4,381.7,381.2,381.6,379.5717033756805,379.6169246394699,382.4306316667918,382.83221207096125,Down,290
2025-11-28 14:00:00,381.6,381.6,380.9,381.4,379.73791215970954,379.68684916341226,382.4203766253312,382.83221207096125,Down,340
2025-11-28 15:00:00,381.3,381.4,380.4,380.5,379.80719287246325,379.7187374315138,382.40126840020355,382.83221207096125,Down,217
2025-11-28 16:00:00,380.5,381.1,380.4,380.8,379.89744806587566,379.7611398851799,382.38533538129604,382.83221207096125,Down,363
2025-11-28 17:00:00,380.8,381.1,380.6,380.6,379.96131642352333,379.79403636027087,382.3675708501389,382.83221207096125,Down,148
2025-11-28 18:00:00,380.7,380.7,378.9,379.2,379.8921058395666,379.77074081673084,382.3360527322271,382.83221207096125,Down,736
2025-11-28 19:00:00,379.2,381.3,379.1,381.1,380.001914399606,379.82286862783945,382.32375370006565,382.83221207096125,Down,547
2025-11-28 20:00:00,381.1,389.9,380.7,389.5,380.8653767269146,380.2023639757673,382.39515913588593,375.7543487172204,Up,4936
2025-11-28 21:00:00,389.5,390.4,387.9,389.8,381.67761520628596,380.5787418590706,382.4688391444841,379.56304428838223,Up,2022
2025-11-28 22:00:00,389.8,393.5,389.8,393.5,382.75237746025994,381.08545786459723,382.57860193906635,381.58913117125655,Up,2060
2025-11-28 23:00:00,393.5,394.3,392.2,394.2,383.7930704184181,381.599753634613,382.69423774066775,383.3401192465969,Up,1424
2025-11-29 00:00:00,394.2,394.3,388.5,389.0,384.26642765310737,381.8899593744321,382.7569816437457,383.3401192465969,Up,2760
2025-12-01 09:00:00,395.0,397.4,395.0,395.7,385.3058433210067,382.4315295950426,382.88576789604673,383.3401192465969,Up,141
2025-12-01 10:00:00,395.7,397.2,395.3,396.7,386.34167574636973,382.99107745406053,383.0232229418572,383.59374098166563,Up,1326
2025-12-01 11:00:00,396.7,399.0,396.5,396.7,387.28334158760885,383.52868225978364,383.15931027576914,385.3352190742415,Up,1248
2025-12-01 12:00:00,396.7,398.7,395.1,397.5,388.212128716008,384.07657707312546,383.302003705861,385.3352190742415,Up,2016
2025-12-01 13:00:00,397.5,397.5,392.6,393.1,388.65648065091636,384.43043679574805,383.3994962063002,385.3352190742415,Up,1877
2025-12-01 14:00:00,393.1,393.6,392.3,392.7,389.02407331901486,384.7547333919932,383.4920385326057,385.3352190742415,Up,488
2025-12-01 15:00:00,392.7,393.6,391.4,392.4,389.33097574455894,385.0545477687778,383.5806749651171,385.3352190742415,Up,949
2025-12-01 16:00:00,392.6,393.0,391.2,392.4,389.60997794959906,385.34260471902184,383.66842944307615,385.3352190742415,Up,502
2025-12-01 17:00:00,392.4,394.3,391.3,393.9,389.99997995418096,385.67818884768764,383.7702361152844,385.3352190742415,Up,859
2025-12-01 18:00:00,393.7,395.7,392.3,395.0,390.4545272310736,386.04375006934697,383.88197505941093,385.3352190742415,Up,1269
2025-12-01 19:00:00,395.0,400.9,394.0,400.5,391.36775202824873,386.61066183133335,384.0473285414069,385.3352190742415,Up,2898
2025-12-01 20:00:00,400.5,403.0,396.7,400.1,392.16159275295337,387.13965548500653,384.2070566156218,385.43591820646185,Up,4538
2025-12-01 21:00:00,400.1,400.8,394.1,396.9,392.5923570481394,387.52241409343765,384.333354559745,385.43591820646185,Up,3058
2025-12-01 22:00:00,396.9,399.8,395.2,397.2,393.01123368012674,387.901927266244,384.4613808825336,385.43591820646185,Up,1965
2025-12-01 23:00:00,397.5,398.0,395.1,396.0,393.2829397092061,388.21949874599915,384.5761930130557,385.43591820646185,Up,1219
2025-12-02 00:00:00,396.0,399.5,395.0,399.0,393.80267246291464,388.642263501058,384.7197134805875,385.43591820646185,Up,2168
2025-12-02 09:00:00,397.9,401.8,397.9,400.4,394.40242951174054,389.1033512068988,384.87573623202445,385.43591820646185,Up,86
2025-12-02 10:00:00,400.4,402.5,400.0,401.6,395.05675410158227,389.59341586545185,385.0421468167805,386.11533187762757,Up,1688
2025-12-02 11:00:00,401.6,403.2,401.0,403.0,395.77886736507475,390.11916426288514,385.2208319230812,387.5412107978433,Up,806
2025-12-02 12:00:00,403.0,406.0,400.9,405.8,396.6898794227952,390.734098997674,385.42559976464264,388.36019163440295,Up,2240
2025-12-02 13:00:00,405.8,407.0,404.8,405.5,397.4907994752683,391.31315393894164,385.62534504061637,391.3819923949118,Up,887
2025-12-02 14:00:00,405.5,406.4,405.1,405.6,398.2279995229712,391.87342241192437,385.82409782628184,392.0790839953744,Up,541
2025-12-02 15:00:00,405.6,406.0,404.6,405.9,398.92545411179196,392.42348427812345,386.0238580469159,392.36280363215855,Up,395
2025-12-02 16:00:00,405.9,405.9,403.5,403.7,399.35950373799267,392.86570058094213,386.1997400563993,392.36280363215855,Up,935
2025-12-02 17:00:00,403.7,404.7,402.5,404.5,399.8268215799933,393.32194761698366,386.3818321951416,392.36280363215855,Up,929
2025-12-02 18:00:00,404.3,408.8,403.7,408.5,400.61529234544844,393.9171653574941,386.6019134668318,393.22701249598686,Up,2235
2025-12-02 19:00:00,408.8,409.2,402.6,402.7,400.80481122313495,394.26159024543557,386.7620934323359,393.22701249598686,Up,3314
2025-12-02 20:00:00,402.7,405.7,400.1,405.3,401.2134647483045,394.69446905934007,386.94655021410375,393.22701249598686,Up,3816
2025-12-02 21:00:00,405.3,406.5,402.4,403.0,401.37587704391314,395.02017615505224,387.1062860328689,393.22701249598686,Up,2628
2025-12-02 22:00:00,402.7,406.8,402.7,403.1,401.5326154944665,395.337031992109,387.2654274653777,393.22701249598686,Up,2148
2025-12-02 23:00:00,403.1,404.7,402.5,403.5,401.71146863133316,395.65714838457535,387.426965500548,393.22701249598686,Up,815
2025-12-03 00:00:00,403.5,404.9,401.9,402.4,401.77406239212104,395.9215739381214,387.57595091845303,393.22701249598686,Up,1777
2025-12-03 09:00:00,404.0,404.7,403.3,404.0,401.9764203564737,396.23837496015585,387.7393742923988,393.22701249598686,Up,26
2025-12-03 10:00:00,403.9,405.1,403.8,404.8,402.23310941497607,396.5741249617184,387.90913176212615,393.22701249598686,Up,710
2025-12-03 11:00:00,404.8,406.3,404.6,406.1,402.58464492270554,396.94768868870983,388.0901354261846,393.22701249598686,Up,689
2025-12-03 12:00:00,406.1,410.3,406.1,410.2,403.2769499297323,397.4673871715055,388.3101340786603,395.2544552729424,Up,2510
2025-12-03 13:00:00,410.3,410.7,408.8,410.0,403.88813629975664,397.9588621843876,388.5259536400667,397.29041388449303,Up,1142
2025-12-03 14:00:00,409.9,410.0,409.2,409.4,404.3892148179606,398.40753425558813,388.73365559389686,397.98219444044827,Up,379
2025-12-03 15:00:00,409.4,410.0,409.2,409.9,404.89019528905504,398.85821918674156,388.9442659859974,398.7474494913166,Up,372
2025-12-03 16:00:00,409.9,410.7,409.5,410.3,405.38199571732275,399.306916473536,389.1567608518084,399.7976813557424,Up,491
2025-12-03 17:00:00,410.3,412.1,410.1,411.4,405.92908701574794,399.78115504320124,389.37808661447696,401.0069830506749,Up,817
2025-12-03 18:00:00,411.8,413.5,411.3,412.8,406.5537154688618,400.29169798268356,389.6111404790095,402.424530046068,Up,1310
2025-12-03 19:00:00,412.8,415.2,410.7,410.9,406.94883224441986,400.7077098264999,389.8229699269796,402.424530046068,Up,2857
2025-12-03 20:00:00,410.9,414.6,410.6,412.6,407.4625747676544,401.17407414702933,390.0496070421341,402.424530046068,Up,2149
2025-12-03 21:00:00,412.6,415.1,412.0,414.5,408.10234069786765,401.6966594745968,390.2928945342521,402.424530046068,Up,1848
2025-12-03 22:00:00,414.5,418.9,414.1,418.6,409.05667336169785,402.35953557363223,390.5745572752049,404.4848439628906,Up,2578
2025-12-03 23:00:00,418.6,420.7,418.2,420.4,410.0878848742708,403.0670047668231,390.87132784958095,407.6180399662641,Up,2289
2025-12-04 00:00:00,420.4,420.5,416.1,416.1,410.6344407947916,403.5781026191046,391.1223594132667,407.6180399662641,Up,1845
2025-12-04 09:00:00,418.8,421.0,418.8,419.9,411.47676435890145,404.21817702619853,391.4087040957217,407.6180399662641,Up,122
2025-12-04 10:00:00,419.9,422.0,419.7,421.6,412.3970585080922,404.8998171428182,391.70911500024187,408.18196090628413,Up,1688
2025-12-04 11:00:00,421.6,422.6,418.2,419.1,413.00641682553834,405.45668705878614,391.98166111964247,408.18196090628413,Up,1814
2025-12-04 12:00:00,419.1,422.7,417.6,421.5,413.77856075048936,406.08583658589254,392.27537593437245,408.18196090628413,Up,2053
2025-12-04 13:00:00,421.4,422.6,420.6,422.0,414.5259643186267,406.7099214256615,392.57114333801053,408.3467775404088,Up,1140
2025-12-04 14:00:00,422.0,422.3,420.2,420.4,415.0599675623879,407.2467872521062,392.8480473843985,408.4379795821898,Up,383
2025-12-04 15:00:00,420.2,421.0,419.5,420.3,415.5363341476253,407.75867794810205,393.1212011417677,408.4379795821898,Up,650
2025-12-04 16:00:00,420.3,420.5,419.1,419.5,415.89666740693207,408.21912195013726,393.3836767522974,408.4379795821898,Up,417
2025-12-04 17:00:00,419.5,421.2,419.5,420.1,416.2787885517564,408.6850387364064,393.6495108144636,409.1923588145679,Up,492
2025-12-04 18:00:00,419.7,420.6,418.0,418.0,416.43526231977853,409.0503313349787,393.8918042391953,409.1923588145679,Up,1061
2025-12-04 19:00:00,418.0,421.3,417.6,418.6,416.6320566543441,409.4248281453717,394.1376569333327,409.1923588145679,Up,1776
2025-12-04 20:00:00,418.6,418.6,412.5,413.4,416.338233322131,409.58071723771,394.3293220384737,409.1923588145679,Up,3387
2025-12-04 21:00:00,413.4,414.2,411.2,412.1,415.9529393837554,409.6795126401528,394.50614470475756,409.1923588145679,Up,2054
2025-12-04 22:00:00,412.1,417.7,410.4,417.0,416.04812671250494,409.9665905758331,394.7299641604316,409.1923588145679,Up,2964
2025-12-04 23:00:00,417.0,418.6,415.6,416.0,416.04375155682266,410.2031948669769,394.94160630808904,409.1923588145679,Up,1560
2025-12-05 00:00:00,416.0,421.0,414.0,420.5,416.448865051657,410.6069911467033,395.19591868313296,409.1923588145679,Up,3129
2025-12-05 09:00:00,421.3,427.0,421.3,425.2,417.2444227742336,411.1792660036954,395.49446675593765,409.1923588145679,Up,265
2025-12-05 10:00:00,425.2,426.0,424.5,425.8,418.0222025220305,411.7526281211975,395.7960143504059,410.02650124790995,Up,2550
2025-12-05 11:00:00,425.8,427.2,425.4,427.2,418.85654774730045,412.35840741056234,396.10849181955615,411.8059102253726,Up,878
2025-12-05 12:00:00,426.9,428.3,424.0,425.0,419.41504340663676,412.8541561395599,396.3959695128939,411.8059102253726,Up,2007
2025-12-05 13:00:00,425.0,425.5,423.7,425.4,419.95913036966977,413.34615001643994,396.6845668311735,411.8059102253726,Up,647
2025-12-05 14:00:00,425.4,425.7,423.8,423.9,420.31739124515434,413.7600264863835,396.9553671612116,411.8059102253726,Up,428
2025-12-05 15:00:00,423.9,425.4,423.7,425.0,420.74308295014026,414.2008097614273,397.2344182342344,411.8059102253726,Up,401
2025-12-05 16:00:00,425.0,425.3,422.6,424.2,421.05734813649116,414.59293486882234,397.5027324806599,411.8059102253726,Up,895
2025-12-05 17:00:00,424.2,426.3,423.8,424.5,421.37031648771926,414.98144722690773,397.77136200821553,412.61886848681627,Up,793
2025-12-05 18:00:00,425.2,428.8,423.6,428.6,422.02756044338116,415.5155081199702,398.07811462504924,413.0080622607421,Up,2243
2025-12-05 19:00:00,428.6,438.4,428.6,435.6,423.261418584892,416.3031352525204,398.45146671833237,417.94369296431097,Up,5836
2025-12-05 20:00:00,435.7,439.9,434.6,439.3,424.7194714408109,417.20497308575494,398.85791978581165,421.18062996755543,Up,2978
2025-12-05 21:00:00,439.3,448.7,439.0,446.8,426.726792218919,418.3655623765097,399.3349554098334,425.71420906141407,Up,6373
2025-12-05 22:00:00,446.8,453.0,445.6,448.8,428.73344747174457,419.55906973429364,399.82714490824304,430.12200823764914,Up,5829
2025-12-05 23:00:00,448.8,452.5,447.2,450.3,430.6940431561314,420.7645964113802,400.32936237184265,430.4881893069538,Up,2623
2025-12-06 00:00:00,450.3,452.8,445.0,445.6,432.0491301419376,421.73853380701235,400.77981647759543,430.4881893069538,Up,3851
2025-12-08 09:00:00,445.0,445.0,424.7,433.0,432.1355728563069,422.1801599322276,401.1004153186144,430.4881893069538,Up,804
2025-12-08 10:00:00,433.0,435.5,432.8,433.0,432.2141571420972,422.60446738586575,401.41782412141424,430.4881893069538,Up,4635
2025-12-08 11:00:00,433.0,433.2,431.0,431.0,432.1037792200883,422.93370395896903,401.7121741301564,430.4881893069538,Up,1539
2025-12-08 12:00:00,431.0,432.7,429.0,432.1,432.10343565462574,423.2931665488134,402.014540556722,430.4881893069538,Up,2056
2025-12-08 13:00:00,432.1,432.5,430.3,431.1,432.0122142314779,423.59931688023255,402.3039481133716,430.4881893069538,Up,733
2025-12-08 14:00:00,431.1,431.1,429.6,430.4,431.8656493013435,423.8660103359097,402.58351081871115,450.2620457725989,Down,831
2025-12-08 15:00:00,430.4,430.4,428.0,428.2,431.5324084557668,424.03597071489366,402.838401258326,448.174587065999,Down,752
2025-12-08 16:00:00,428.2,428.5,426.5,427.6,431.1749167779698,424.17573656921155,403.0847853254073,445.47689733272637,Down,1495
2025-12-08 17:00:00,427.6,428.2,426.2,426.3,430.7317425254271,424.2590410174778,403.31578248634855,444.2699066661149,Down,847
2025-12-08 18:00:00,426.2,427.1,422.0,422.0,429.9379477503883,424.1704511736551,403.5016950984247,441.9226424237408,Down,2729
2025-12-08 19:00:00,422.0,423.3,420.1,420.7,429.0981343185348,424.0343550491981,403.67282251038074,438.65694765794626,Down,3695
2025-12-08 20:00:00,420.7,422.0,413.0,417.5,428.0437584713952,423.7781058315825,403.81040636599886,436.18813423449654,Down,3701
2025-12-08 21:00:00,417.5,419.9,412.5,413.4,426.71250770126835,423.3711212891675,403.90582520812825,435.8801220313605,Down,3683
2025-12-08 22:00:00,413.4,414.5,409.0,409.6,425.1568251829712,422.8310773170433,403.9624836637688,431.6410200285095,Down,3583
2025-12-08 23:00:00,409.6,411.6,408.8,408.8,423.6698410754284,422.2808389908847,404.0106181546766,429.3009272986451,Down,2316
2025-12-09 00:00:00,408.8,413.6,408.0,408.6,422.2998555231167,421.74433550104607,404.05628364567485,429.3009272986451,Down,3648
2025-12-09 09:00:00,402.9,404.0,401.0,402.0,420.4544141119243,420.9700478343384,404.03582311188705,422.90076636251655,Down,235
2025-12-09 10:00:00,402.0,402.8,399.6,400.5,418.6403764653857,420.16730086044277,404.00064079236586,420.90978760228785,Down,2168
2025-12-09 11:00:00,400.5,402.0,399.2,401.5,417.08216042307794,419.4352498463078,403.9757587944319,419.53617054753437,Down,1289
2025-12-09 12:00:00,401.5,401.5,397.4,398.1,415.3565094755254,418.59857338174675,403.9172935327958,418.1556095886676,Down,2085
2025-12-09 13:00:00,398.1,398.9,397.4,398.6,413.8331904322958,417.8143156020704,403.86438513943466,415.700554171516,Down,938
2025-12-09 14:00:00,398.6,399.2,396.5,398.8,412.46653675663254,417.06865616669506,403.81399324750004,414.7868674286509,Down,1021
2025-12-09 15:00:00,398.8,401.9,398.6,400.9,411.4150334151205,416.43459121898155,403.78499828981353,414.7868674286509,Down,1272
2025-12-09 16:00:00,400.9,402.5,399.1,400.5,410.42275765010953,415.8097052888254,403.7523117396662,414.7868674286509,Down,1094
2025-12-09 17:00:00,400.5,401.0,398.7,399.5,409.42977968191775,415.17010900298914,403.71000018006754,414.7868674286509,Down,641
2025-12-09 18:00:00,399.5,399.7,395.2,395.4,408.15434516537977,414.39481061071507,403.6273136111117,413.338168450687,Down,2075
2025-12-09 19:00:00,395.4,396.7,391.7,394.9,406.9494046957997,413.6303082338243,403.5404746697076,410.4619713188064,Down,3669
2025-12-09 20:00:00,394.8,396.0,390.1,391.8,405.57218608709064,412.7742177148508,403.4236540262279,409.97906483527856,Down,2956
2025-12-09 21:00:00,391.8,394.8,391.2,392.9,404.42016917008243,411.9948366279939,403.31894105084257,409.6991498502532,Down,1566
2025-12-09 22:00:00,392.9,396.9,392.5,394.7,403.53651742734763,411.31660774062163,403.2331804433715,409.6991498502532,Down,2287
2025-12-09 23:00:00,394.7,394.8,391.7,392.1,402.49683402486147,410.5630152802051,403.1224025285121,409.63276847128367,Down,1428
2025-12-10 00:00:00,392.1,392.2,387.0,387.3,401.11530365896493,409.65074017117746,402.9649656874324,406.3843349738942,Down,2716
2025-12-10 09:00:00,386.2,386.2,383.6,384.0,399.55936696269544,408.6448287919156,402.77625956118936,401.50394088535836,Down,129
2025-12-10 10:00:00,384.0,384.3,381.5,381.7,397.93578814790493,407.5881688392915,402.5665455357049,399.01267353214394,Down,2438
2025-12-10 11:00:00,381.7,382.8,380.9,381.3,396.4234437708227,406.5572602573585,402.3549381174392,397.1887941201309,Down,1156
2025-12-10 12:00:00,381.3,381.8,379.6,380.2,394.94858524620247,405.5236422080504,402.1344909719921,395.44435829102815,Down,1225
2025-12-10 13:00:00,380.2,383.3,380.0,382.9,393.8532593147295,404.6364405528327,401.9431030021215,395.44435829102815,Down,1236
2025-12-10 14:00:00,382.9,383.0,381.3,381.5,392.73023574066315,403.72912915860394,401.73968904190144,395.44435829102815,Down,651
2025-12-10 15:00:00,381.5,382.3,380.8,380.8,391.6456688551483,402.82994762297244,401.53133392705666,394.7268281675643,Down,523
2025-12-10 16:00:00,380.8,381.8,380.1,380.7,390.65060805013485,401.96210653971866,401.32405697255865,393.5471165159676,Down,515
2025-12-10 17:00:00,380.7,381.4,376.3,377.1,389.4187345910317,400.98712196953363,401.0830215797969,392.1564695599705,Down,1970
2025-12-10 18:00:00,376.9,377.2,374.2,376.3,388.2261223554833,400.01899953935583,400.8364243501472,388.88769959997313,Down,2558
2025-12-10 19:00:00,376.3,377.8,374.0,376.4,387.1510203231667,399.0927642633027,400.5932758491507,388.88769959997313,Down,2261
2025-12-10 20:00:00,376.4,386.9,375.5,385.4,386.99183665742424,398.5557931157222,400.4420989750298,388.88769959997313,Down,5728
2025-12-10 21:00:00,385.4,386.1,381.1,383.3,386.65621514311295,397.9575267190272,400.2715308260245,388.88769959997313,Down,2413
2025-12-10 22:00:00,383.3,386.4,382.6,382.8,386.30565013010266,397.36311390651633,400.09768474815365,388.88769959997313,Down,2410
2025-12-10 23:00:00,382.8,384.7,381.2,383.9,386.08695466372967,396.8351486552804,399.93651375563473,388.88769959997313,Down,1486
2025-12-11 00:00:00,383.9,390.0,383.6,385.3,386.01541333066336,396.38278988448513,399.7908768028424,388.88769959997313,Down,3187
2025-12-11 09:00:00,384.3,384.3,383.0,383.3,385.7685575733303,395.8697393007799,399.62678847644594,388.88769959997313,Down,80
2025-12-11 10:00:00,383.3,384.6,382.1,382.9,385.5077796121185,395.3611220732983,399.46035277021264,388.88769959997313,Down,1212
2025-12-11 11:00:00,382.9,386.5,382.9,385.5,385.5070723746532,394.9744114037572,399.32144378742447,388.88769959997313,Down,1086
2025-12-11 12:00:00,385.4,385.8,381.5,382.1,385.197338522412,394.4695325251785,399.1500861377984,388.88769959997313,Down,1523
2025-12-11 13:00:00,382.1,383.4,382.0,383.2,385.0157622931018,394.0275900732107,398.9913788130442,388.88769959997313,Down,568
2025-12-11 14:00:00,383.2,383.2,380.5,381.5,384.6961475391834,393.536312031124,398.8173352427652,388.88769959997313,Down,998
2025-12-11 15:00:00,381.5,381.6,380.2,380.4,384.3055886719849,393.0211625397074,398.634078175673,388.88769959997313,Down,507
2025-12-11 16:00:00,380.4,381.0,376.6,377.5,383.6868987927135,392.4124894989346,398.42378884059167,388.88769959997313,Down,1728
2025-12-11 17:00:00,377.5,377.8,375.8,376.3,383.01536253883046,391.780627165643,398.20365163819775,388.88769959997313,Down,1400
2025-12-11 18:00:00,376.4,377.4,374.2,374.7,382.25942048984587,391.1107986493433,397.9697844577182,388.88769959997313,Down,1635
2025-12-11 19:00:00,374.7,375.6,371.2,374.2,381.52674589985986,390.44763007485926,397.73326918948226,387.229315481879,Down,3759
2025-12-11 20:00:00,374.2,375.0,368.0,368.7,380.3606780907817,389.59478183662947,397.44438093884065,386.6175595289809,Down,3499
2025-12-11 21:00:00,368.7,371.7,366.6,369.0,379.3278891734379,388.7871433332323,397.16135227278255,384.7477813899826,Down,3693
2025-12-11 22:00:00,369.2,369.8,360.9,361.0,377.6617174303981,387.6974514378114,396.80153782230707,382.76616489998423,Down,5117
2025-12-11 23:00:00,361.0,362.0,358.3,360.4,376.092470391271,386.62696314613254,396.43933346586624,377.3283317272584,Down,2539
2025-12-12 00:00:00,360.5,361.9,358.3,359.2,374.55679126479174,385.55139596393127,396.0687928343651,377.02575611568943,Down,1863
2025-12-12 09:00:00,362.2,362.3,360.6,360.8,373.3061738770834,384.58075298495356,395.71785957233163,377.02575611568943,Down,74
2025-12-12 10:00:00,360.8,361.8,359.5,359.8,372.0783398882576,383.60895875024954,395.360467934796,376.499385219578,Down,1854
2025-12-12 11:00:00,359.8,361.1,359.7,360.4,371.01667262568867,382.6988035051417,395.012602582211,375.3176229268891,Down,570
2025-12-12 12:00:00,360.1,362.4,359.0,359.9,370.00606602335336,381.8047327794499,394.66322345203974,375.3176229268891,Down,1109
2025-12-12 13:00:00,359.9,359.9,357.5,357.7,368.887332748503,380.8594491410401,394.2954301838602,373.0253082040406,Down,1185
2025-12-12 14:00:00,357.7,358.9,356.8,358.0,367.89757522591185,379.963000155117,393.9342816248169,371.6366438218551,Down,743
2025-12-12 15:00:00,358.0,358.3,354.3,355.4,366.7614320235562,378.99974524707324,393.5508559370078,370.2878580198683,Down,1566
2025-12-12 16:00:00,355.1,356.1,354.5,354.9,365.6831200214147,378.05465719816846,393.1662703057938,368.59805274533477,Down,1065
2025-12-12 17:00:00,354.9,360.7,354.5,359.7,365.1392000194679,377.33486671980893,392.8332725913083,368.59805274533477,Down,2177
2025-12-12 18:00:00,359.6,361.6,357.0,357.0,364.3992727449708,376.53742096609096,392.4767226152754,368.59805274533477,Down,2327
2025-12-12 19:00:00,357.0,360.5,355.8,356.5,363.68115704088257,375.7516397517345,392.1187452758199,368.59805274533477,Down,2375
2025-12-12 20:00:00,356.5,357.3,349.7,351.0,362.52832458262054,374.7809872124508,391.7096035317819,368.59805274533477,Down,4530
2025-12-12 21:00:00,351.2,353.4,347.0,347.8,361.1893859842005,373.72290928255075,391.27269205385375,367.5058153909847,Down,3610
2025-12-12 22:00:00,347.8,350.8,347.3,348.0,359.9903508947277,372.7141677420585,390.8421180035666,366.055286719077,Down,1819
2025-12-12 23:00:00,348.0,351.9,347.5,350.5,359.12759172247974,371.8430239090366,390.44070389407835,366.055286719077,Down,1991
2025-12-13 00:00:00,350.5,352.5,348.1,351.5,358.4341742931634,371.04525826554504,390.05323420359,366.055286719077,Down,1689
2025-12-15 09:00:00,356.9,359.7,354.1,356.0,358.2128857210576,370.45524813748443,389.7143960523105,366.055286719077,Down,177
2025-12-15 10:00:00,355.8,357.1,355.4,355.6,357.9753506555069,369.87268938699486,389.3749493254219,366.055286719077,Down,1196
2025-12-15 11:00:00,355.6,356.1,354.0,354.0,357.6139551413699,369.25023097966175,389.0229597798953,366.055286719077,Down,992
2025-12-15 12:00:00,354.0,354.8,351.8,353.0,357.1945046739726,368.612967019675,388.6645223691501,366.055286719077,Down,1698
2025-12-15 13:00:00,353.0,353.7,350.9,351.1,356.64045879452055,367.9261839992956,388.29074602716855,366.055286719077,Down,810
2025-12-15 14:00:00,351.1,352.0,350.6,350.9,356.11859890410955,367.2584905091271,387.91869880301766,366.055286719077,Down,620
2025-12-15 15:00:00,350.9,351.2,349.4,350.0,355.5623626400996,366.5816869597496,387.54139831741554,364.44638530175814,Down,758
2025-12-15 16:00:00,350.0,350.7,349.5,350.1,355.0657842182723,365.93534629466143,387.1688470903766,363.39671391068924,Down,837
2025-12-15 17:00:00,350.1,352.9,350.1,350.6,354.659803834793,365.333960165459,386.8049779650992,363.39671391068924,Down,1233
2025-12-15 18:00:00,350.5,350.7,345.2,346.2,353.89073075890275,364.5836087864214,386.40094833360575,361.8646395956109,Down,2688
2025-12-15 19:00:00,346.2,350.5,346.0,347.0,353.2643006899116,363.8940555006794,386.0088990964555,361.8646395956109,Down,2538
2025-12-15 20:00:00,346.8,348.4,342.7,344.3,352.449364263556,363.12566116731944,385.59388517509774,360.61003272364536,Down,3764
2025-12-15 21:00:00,344.3,344.5,340.2,342.5,351.5448766032327,362.31681170977754,385.1650902977336,357.604575203314,Down,2789
2025-12-15 22:00:00,342.5,347.3,342.5,343.8,350.8407969120297,361.5906622309628,384.7534973594477,357.604575203314,Down,2662
2025-12-15 23:00:00,343.8,346.5,343.0,345.4,350.34617901093605,360.9557343003368,384.361920271294,357.604575203314,Down,1372
2025-12-16 00:00:00,345.4,347.8,344.8,347.2,350.06016273721457,360.4162937395393,383.99214992033586,357.604575203314,Down,1528
2025-12-16 09:00:00,343.2,343.7,342.3,342.6,349.3819661247405,359.71761555367505,383.5802877320738,357.604575203314,Down,145
2025-12-16 10:00:00,342.6,343.8,341.8,341.8,348.69269647703675,359.0149639633348,383.1645634760333,357.604575203314,Down,1340
2025-12-16 11:00:00,341.9,342.0,340.1,340.2,347.9206331609425,358.27712223928245,382.7370553817444,355.2581490862093,Down,923
2025-12-16 12:00:00,340.3,340.3,335.4,336.5,346.88239378267497,357.4231174455851,382.276985178941,352.54831735109934,Down,3101
2025-12-16 13:00:00,336.5,336.8,335.3,335.6,345.8567216206136,356.5673089183073,381.8125375652202,349.95756122827214,Down,1110
2025-12-16 14:00:00,335.6,336.0,333.6,335.5,344.9152014732851,355.7411399411187,381.35171629591457,348.31596475297465,Down,1576
2025-12-16 15:00:00,335.5,336.8,334.4,335.2,344.0320013393501,354.935605041467,380.8924952382438,348.31596475297465,Down,1261
2025-12-16 16:00:00,335.2,336.6,335.0,335.5,343.2563648539546,354.17342445160557,380.44082861895777,348.31596475297465,Down,1269
2025-12-16 17:00:00,335.5,337.5,335.1,336.7,342.66033168541327,353.48819212017,380.005596493396,348.31596475297465,Down,1957
2025-12-16 18:00:00,336.8,341.0,336.6,337.6,342.20030153219386,352.8651257625163,379.5836502596309,348.31596475297465,Down,3321
2025-12-16 19:00:00,337.6,339.9,336.3,336.3,341.6639104838126,352.2155129875157,379.15296717247037,348.31596475297465,Down,2436
2025-12-16 20:00:00,336.4,339.0,333.4,334.4,341.0035549852841,351.51686541937784,378.7076640165254,348.31596475297465,Down,4251
2025-12-16 21:00:00,334.4,337.0,332.9,333.8,340.3486863502583,350.8220863833238,378.2608215885003,348.31596475297465,Down,2994
2025-12-16 22:00:00,333.8,335.3,332.6,334.1,339.78062395478025,350.16631828986016,377.8214104284157,347.6699567024119,Down,2262
2025-12-16 23:00:00,334.4,339.8,333.6,339.8,339.78238541343654,349.7597960039833,377.44308793659064,347.6699567024119,Down,2957
2025-12-17 00:00:00,339.8,340.0,335.5,335.9,339.4294412849423,349.2162745920624,377.0297238775201,347.6699567024119,Down,2147
2025-12-17 09:00:00,340.8,342.1,339.5,340.1,339.4904011681294,348.8587736276678,376.6622639384403,347.6699567024119,Down,136
2025-12-17 10:00:00,340.1,341.3,335.4,339.1,339.4549101528449,348.47607662266125,376.2885100684061,347.6699567024119,Down,2716
2025-12-17 11:00:00,339.1,340.8,338.2,339.5,339.45900922985896,348.124073617851,375.92245524185483,347.6699567024119,Down,834
2025-12-17 12:00:00,339.5,340.6,337.1,338.5,339.37182657259905,347.74665896617057,375.5500925031299,347.6699567024119,Down,1341
2025-12-17 13:00:00,338.5,339.1,336.2,337.9,339.2380241569082,347.36051547730113,375.1754647170291,347.6699567024119,Down,1294
2025-12-17 14:00:00,337.9,339.5,337.9,339.2,339.23456741537103,347.04049526250503,374.8174998939741,347.6699567024119,Down,598
2025-12-17 15:00:00,339.2,340.3,338.6,339.5,339.2586976503373,346.74478956593623,374.46608198458136,347.6699567024119,Down,625
2025-12-17 16:00:00,339.5,341.2,339.4,341.2,339.4351796821248,346.5273468378603,374.13507619369005,347.6699567024119,Down,1066
2025-12-17 17:00:00,341.2,342.0,339.2,340.4,339.5228906201134,346.28705872657173,373.79940379375284,347.6699567024119,Down,1629
2025-12-17 18:00:00,340.4,342.0,338.7,338.8,339.45717329101217,345.9934485804317,373.45115101968565,347.6699567024119,Down,1589
2025-12-17 19:00:00,338.8,346.4,338.2,345.6,340.01561208273836,345.9780192243363,373.1740251388928,347.6699567024119,Down,3904
2025-12-17 20:00:00,345.7,346.1,342.0,343.3,340.3141928024894,345.8729988625976,372.87677115741127,347.6699567024119,Down,3427
2025-12-17 21:00:00,343.3,345.7,341.4,344.8,340.72199345680855,345.8309204758291,372.59740030012364,347.6699567024119,Down,2529
2025-12-17 22:00:00,344.8,345.3,341.1,343.1,340.93817586982595,345.72382555520835,372.30389382947567,347.6699567024119,Down,2156
2025-12-17 23:00:00,343.2,344.3,342.2,343.1,341.1347053362054,345.62093043539625,372.0133078212222,347.6699567024119,Down,1257
2025-12-18 00:00:00,343.1,344.0,342.1,342.8,341.28609576018675,345.51030571243956,371.7226281414091,347.6699567024119,Down,1893
2025-12-18 09:00:00,349.0,350.0,347.0,347.0,341.80554160016976,345.5687250962655,371.47663184149457,347.6699567024119,Down,269
2025-12-18 10:00:00,347.1,348.3,346.7,347.7,342.3414014546998,345.6523045042551,371.2400484400867,333.0571717029926,Up,2457
2025-12-18 11:00:00,347.7,348.0,345.6,345.6,342.6376376860907,345.6502533472255,370.98492357998634,333.0571717029926,Up,1070
2025-12-18 12:00:00,345.6,348.7,345.5,348.1,343.1342160782643,345.7463218434127,370.75721289759844,333.0597082667112,Up,1668
2025-12-18 13:00:00,348.1,348.2,345.6,346.9,343.4765600711494,345.7915641240632,370.5198276946373,333.1906438788284,Up,1249
2025-12-18 14:00:00,346.9,347.6,346.2,346.8,343.7786909737722,345.83111062900196,370.283809508621,333.9278580716621,Up,568
2025-12-18 15:00:00,346.8,348.0,346.7,347.9,344.153355430702,345.91224354551167,370.06108503589843,335.0844164287838,Up,620
2025-12-18 16:00:00,347.9,348.7,347.4,348.3,344.53032311882,346.00588105353086,369.84455682658603,336.42674220798517,Up,739
2025-12-18 17:00:00,348.0,348.6,347.7,347.9,344.8366573807454,346.0801602279022,369.62620302731654,337.25612927998657,Up,614
2025-12-18 18:00:00,348.0,351.9,347.9,351.6,345.4515067097685,346.2966245326904,369.44683782306464,338.5419357090787,Up,2650
2025-12-18 19:00:00,351.6,356.8,351.5,354.1,346.2377333725168,346.6026392568986,369.2941329691038,341.8972142809806,Up,5379
2025-12-18 20:00:00,354.1,354.6,348.6,349.1,346.49793942956074,346.70057497231437,369.0931963226451,341.8972142809806,Up,5307
2025-12-18 21:00:00,349.1,351.8,348.2,349.7,346.78903584505525,346.818199483204,368.90022919505657,341.8972142809806,Up,3015
2025-12-18 22:00:00,349.7,349.8,342.2,344.7,346.5991234955047,346.73513283680387,368.65943089460825,341.8972142809806,Up,6347
2025-12-18 23:00:00,344.7,345.0,341.6,342.3,346.2082940868225,346.56120605889004,368.39714800013456,341.8972142809806,Up,2812
2025-12-19 00:00:00,342.2,342.4,334.0,334.8,345.17117644256587,346.09998229187477,368.06284802003375,354.7442758623165,Down,5159
2025-12-19 09:00:00,335.1,335.4,332.6,333.4,344.1010694932417,345.60194377062476,367.71794405963544,350.0584326021059,Down,168
2025-12-19 10:00:00,333.7,333.7,328.5,328.8,342.71006317567424,344.943044014914,367.33070083516145,347.5894841837327,Down,4855
2025-12-19 11:00:00,328.7,331.8,327.0,331.0,341.6455119778857,344.3962579751135,366.96920132436384,346.1358947124842,Down,2405
2025-12-19 12:00:00,331.0,333.9,329.5,333.5,340.90501088898696,343.9689537407953,366.6361744455145,346.1358947124842,Down,2253
2025-12-19 13:00:00,333.5,333.5,330.2,332.5,340.14091898998817,343.5191908489995,366.29651101819593,346.1358947124842,Down,1411
2025-12-19 14:00:00,332.5,333.7,331.8,333.6,339.5462899908983,343.1302029725681,365.97117260010447,346.1358947124842,Down,799
2025-12-19 15:00:00,333.6,335.2,333.0,333.8,339.0238999917257,342.76431265991835,365.65106142995415,346.1358947124842,Down,1437
2025-12-19 16:00:00,333.8,333.8,329.6,331.9,338.37627271975066,342.3382611830588,365.31522997293973,346.1358947124842,Down,2827
2025-12-19 17:00:00,331.9,332.9,330.7,332.5,337.84206610886423,341.9524470190173,364.98871027171646,346.1358947124842,Down,1559
2025-12-19 18:00:00,332.6,333.0,328.5,331.0,337.22006009896745,341.52293929278136,364.6505141496099,345.68522138871987,Down,3396
2025-12-19 19:00:00,331.0,331.7,326.1,327.4,336.32732736269764,340.96909853620167,364.2798622675242,344.51383762610897,Down,5013
2025-12-19 20:00:00,327.3,330.8,325.7,330.8,335.82484305699785,340.5703103583114,363.9467293096384,344.2989432964627,Down,3817
2025-12-19 21:00:00,330.6,331.5,328.0,330.5,335.3407664154526,340.1753962266129,363.6139260329256,344.2989432964627,Down,2792
2025-12-19 22:00:00,330.5,333.9,328.7,330.2,334.87342401404777,339.78420421772614,363.2814491569761,344.2989432964627,Down,3644
2025-12-19 23:00:00,330.4,330.5,327.2,330.5,334.47584001277073,339.4201177778153,362.95526558327487,344.2989432964627,Down,3143
2025-12-20 00:00:00,330.3,333.8,330.2,331.0,334.15985455706425,339.0899170806461,362.6373027416503,344.2989432964627,Down,4482
2025-12-22 09:00:00,339.5,339.5,333.7,335.0,334.2362314155129,338.9295281755227,362.3623047044199,344.2989432964627,Down,291
2025-12-22 10:00:00,335.0,336.1,334.9,335.7,334.3693012868299,338.8028800117767,362.09700814019686,344.2989432964627,Down,2223
2025-12-22 11:00:00,335.7,337.6,335.7,337.5,334.65391026075446,338.75178667798156,361.85226179054314,344.2989432964627,Down,1236
2025-12-22 12:00:00,337.5,342.3,337.4,341.0,335.23082750977676,338.839951906296,361.64477659859745,344.2989432964627,Down,5178
2025-12-22 13:00:00,340.8,341.1,338.2,339.0,335.5734795543425,338.84622830212754,361.4194554384124,344.2989432964627,Down,2454
2025-12-22 14:00:00,338.9,339.4,337.0,337.3,335.7304359584932,338.78559189812256,361.1794608569357,344.2989432964627,Down,1549
2025-12-22 15:00:00,337.3,338.8,336.9,337.8,335.91857814408473,338.7469412354511,360.9468294056229,344.2989432964627,Down,1849
2025-12-22 16:00:00,337.8,338.9,336.7,338.8,336.1805255855316,338.7490219713158,360.7264629438754,344.2989432964627,Down,2334
2025-12-22 17:00:00,338.8,339.8,338.0,339.2,336.45502325957415,338.7667073842054,360.5122692827423,344.2989432964627,Down,2012
2025-12-22 18:00:00,339.4,341.0,337.1,337.2,336.5227484177947,338.7052678789425,360.28030640430705,344.2989432964627,Down,3131
2025-12-22 19:00:00,337.2,338.9,332.6,334.0,336.2934076525406,338.5207475699644,360.0188108181946,344.2989432964627,Down,5952
2025-12-22 20:00:00,334.0,334.1,320.4,322.0,334.99400695685506,337.8728751162403,359.64051419313796,344.2989432964627,Down,13109
2025-12-22 21:00:00,321.8,321.8,314.2,314.7,333.1490972335046,336.96413491560344,359.1933448976839,337.35758986550945,Down,10635
2025-12-22 22:00:00,314.7,317.4,314.2,317.1,331.6900883940951,336.1851492326386,358.77450564497065,334.56144533228127,Down,5340
2025-12-22 23:00:00,316.8,317.7,314.8,315.7,330.2364439946319,335.38181004704495,358.34590359875205,334.36040484752846,Down,3671
2025-12-23 00:00:00,315.7,320.6,315.3,318.6,329.1785854496653,334.72369984912166,357.9504219709038,334.36040484752846,Down,4235
2025-12-23 09:00:00,324.9,325.8,324.5,324.7,328.77144131787753,334.3306135805287,357.61957200104405,334.36040484752846,Down,582
2025-12-23 10:00:00,324.9,327.0,323.7,326.1,328.5285830162523,334.007844420508,357.30594441894414,334.36040484752846,Down,5743
2025-12-23 11:00:00,326.0,329.0,325.9,328.6,328.53507546932025,333.79577209029196,357.0203131311935,334.36040484752846,Down,3159
2025-12-23 12:00:00,328.6,329.5,327.1,328.6,328.54097769938204,333.5920163220452,356.73752394580856,334.36040484752846,Down,3462
2025-12-23 13:00:00,328.7,329.0,324.4,326.0,328.30997972671094,333.29429019176894,356.43167793639753,334.36040484752846,Down,3713
2025-12-23 14:00:00,326.0,328.3,326.0,326.2,328.118163387919,333.0160827332682,356.13086522061246,334.36040484752846,Down,2375
2025-12-23 15:00:00,326.2,326.9,324.2,324.3,327.77105762538093,332.6742755672577,355.81414019354173,334.36040484752846,Down,1923
2025-12-23 16:00:00,324.1,325.0,322.5,323.7,327.40096147761903,332.3223431920712,355.4945965100239,334.36040484752846,Down,4436
2025-12-23 17:00:00,323.7,325.7,322.7,322.7,326.97360134329,331.94499640022525,355.1682821168894,334.36040484752846,Down,2948
2025-12-23 18:00:00,322.7,331.4,322.5,331.4,327.3760012211727,331.9236239923733,354.93178179731837,334.36040484752846,Down,10725
2025-12-23 19:00:00,331.4,336.9,331.4,333.9,327.9690920192479,332.0011289338488,354.72251033664855,334.36040484752846,Down,15133
2025-12-23 20:00:00,333.8,336.0,331.9,333.8,328.49917456295265,332.07167289722724,354.51432615419435,334.36040484752846,Down,10909
2025-12-23 21:00:00,333.6,335.0,328.7,330.6,328.69015869359333,332.01396023459085,354.2763726601228,334.36040484752846,Down,8454
2025-12-23 22:00:00,330.7,336.5,330.4,336.4,329.3910533578121,332.1859617940187,354.0984983052957,316.5510398976084,Up,10813
2025-12-23 23:00:00,336.4,337.5,334.6,336.2,330.0100485071019,332.34337505699835,353.9204037947953,317.94514370439754,Up,7314
2025-12-24 00:00:00,336.2,343.6,336.1,343.2,331.2091350064562,332.7691250547631,353.81373311027,320.66376700399775,Up,8276
2025-12-24 09:00:00,348.5,352.4,348.5,350.2,332.93557727859655,333.45268877810577,353.7777755668842,329.66251545817977,Up,958
2025-12-24 10:00:00,350.2,360.2,349.8,354.3,334.8777975259968,334.27023039465064,353.78297182990025,332.32046859834526,Up,8784
2025-12-24 11:00:00,354.2,356.8,354.1,355.7,336.7707250236334,335.11061351642905,353.80204673706544,333.8504259984957,Up,3505
2025-12-24 12:00:00,355.7,356.1,346.3,349.2,337.900659112394,335.6631384765691,353.7562552272439,333.8504259984957,Up,11881
2025-12-24 13:00:00,349.1,352.3,348.3,350.7,339.0642355567218,336.25281932062524,353.72584472747036,333.8504259984957,Up,5706
2025-12-24 14:00:00,350.7,351.9,349.2,350.0,340.0583959606562,336.7919244453066,353.688771645605,333.8504259984957,Up,2324
2025-12-24 15:00:00,350.0,352.8,350.0,351.2,341.071269055142,337.3569470160789,353.6640077486338,333.8504259984957,Up,2105
2025-12-24 16:00:00,351.2,351.4,348.6,349.6,341.8466082319473,337.83706674093855,353.62356986058774,333.8504259984957,Up,2972
2025-12-24 17:00:00,349.7,350.8,347.5,348.1,342.41509839267934,338.23953471188213,353.56860896645253,333.8504259984957,Up,4451
2025-12-24 18:00:00,348.0,357.0,345.8,356.9,343.7319076297085,338.97131766435734,353.60175713594055,333.8504259984957,Up,14217
2025-12-24 19:00:00,356.9,357.8,339.0,341.5,343.5290069360986,339.0704816775198,353.4813416420506,333.8504259984957,Up,27028
2025-12-24 20:00:00,341.5,346.2,340.8,341.4,343.33546085099874,339.1618353372249,353.36112928740334,333.8504259984957,Up,14226
2025-12-24 21:00:00,341.2,343.6,336.7,342.4,343.25041895545337,339.2888221867455,353.25206332434465,333.8504259984957,Up,11727
2025-12-24 22:00:00,342.6,345.9,340.5,344.8,343.39128995950307,339.50494680687314,353.1679631917641,333.8504259984957,Up,6879
2025-12-24 23:00:00,344.6,345.4,340.6,343.8,343.4284454177301,339.67338026542717,353.07474962766696,333.8504259984957,Up,6040
2025-12-25 00:00:00,343.8,344.6,337.5,340.2,343.1349503797546,339.69403201972415,352.94664266619765,333.8504259984957,Up,10400
2025-12-26 09:00:00,343.4,347.8,343.4,346.2,343.4135912543224,339.9491680189507,352.8795118933997,333.8504259984957,Up,527
2025-12-26 10:00:00,346.7,351.5,345.3,350.7,344.07599204938396,340.3707692731095,352.85782520789326,333.8504259984957,Up,7742
2025-12-26 11:00:00,350.7,353.5,350.3,352.4,344.8327200448945,340.8425038114189,352.85326973318786,333.8504259984957,Up,7271
2025-12-26 12:00:00,352.5,353.3,350.2,351.2,345.4115636771768,341.24868013253973,352.83681928808153,333.8504259984957,Up,6988
2025-12-26 13:00:00,351.2,354.6,350.2,352.9,346.09233061561525,341.705594637146,352.83744795188176,333.8504259984957,Up,6189
2025-12-26 14:00:00,352.9,354.9,352.5,353.5,346.76575510510474,342.1681203376501,352.8440405095745,333.8504259984957,Up,4004
2025-12-26 15:00:00,353.5,354.4,353.1,353.9,347.4143228228225,342.62819404989915,352.8545475691807,333.8504259984957,Up,2179
2025-12-26 16:00:00,353.9,355.4,353.2,355.3,348.13120256620226,343.1251276165698,352.8788804291888,335.13083632525354,Up,3926
2025-12-26 17:00:00,355.3,356.4,351.7,353.7,348.6374568783657,343.53982849435135,352.887050773177,335.13083632525354,Up,8559
2025-12-26 18:00:00,353.7,354.0,348.0,349.8,348.7431426166961,343.7853254161415,352.8563338500608,335.13083632525354,Up,10023
2025-12-26 19:00:00,349.9,352.3,346.2,346.3,348.521038742451,343.8839401057046,352.7910966973239,335.13083632525354,Up,13850
2025-12-26 20:00:00,346.4,353.5,345.8,351.2,348.7645806749555,344.1708444152848,352.77526488939037,335.13083632525354,Up,13737
2025-12-26 21:00:00,351.3,355.0,349.0,351.4,349.0041642499595,344.4543407127246,352.76158066163526,335.13083632525354,Up,15469
2025-12-26 22:00:00,351.4,352.5,346.3,350.6,349.1492402272359,344.69534695928445,352.74007239634534,335.13083632525354,Up,14638
2025-12-26 23:00:00,350.8,352.2,348.4,350.8,349.2993092974872,344.9347451177439,352.7207681933967,335.13083632525354,Up,9751
2025-12-27 00:00:00,350.8,354.7,350.6,351.9,349.53573572498834,345.20789236802847,352.7126013457012,335.13083632525354,Up,11405
2025-12-29 09:00:00,354.2,354.9,353.8,354.5,349.9870324772621,345.5722887457528,352.73038640693807,335.13083632525354,Up,371
2025-12-29 10:00:00,354.6,356.5,354.3,354.6,350.4063931611474,345.9263166380763,352.7489895272671,336.591302325002,Up,6078
2025-12-29 11:00:00,354.6,354.8,351.4,351.5,350.5058119646794,346.144892456191,352.7365617707769,336.591302325002,Up,3889
2025-12-29 12:00:00,351.5,352.2,346.5,346.6,350.15073814970856,346.1627398108502,352.6755014546498,336.591302325002,Up,6411
2025-12-29 13:00:00,346.6,347.8,343.0,343.3,349.5279437724623,346.05047550454236,352.5822128829618,336.591302325002,Up,6050
2025-12-29 14:00:00,343.2,347.2,342.6,345.8,349.1890397931476,346.0406529357368,352.51472817765875,336.591302325002,Up,5880
2025-12-29 15:00:00,345.8,347.1,345.2,345.8,348.8809452664978,346.0312155657079,352.4479149619607,336.591302325002,Up,2895
2025-12-29 16:00:00,345.8,346.7,343.5,345.1,348.53722296954345,345.9946973082292,352.37480138024966,336.591302325002,Up,3862
2025-12-29 17:00:00,345.1,349.8,344.5,349.8,348.65202088140313,346.14392486476925,352.3491814660183,336.591302325002,Up,5349
2025-12-29 18:00:00,349.9,350.2,345.3,349.3,348.7109280740028,346.26769251713125,352.3188413519286,336.591302325002,Up,11120
2025-12-29 19:00:00,349.3,354.6,349.3,353.0,349.10084370363893,346.531704575283,352.3256190499194,336.591302325002,Up,18061
2025-12-29 20:00:00,352.8,356.0,352.1,354.4,349.5825851851263,346.84026518017384,352.3462596563879,336.591302325002,Up,15004
2025-12-29 21:00:00,354.4,357.3,352.0,356.5,350.21144107738746,347.21907831036316,352.38759040607556,336.591302325002,Up,13353
2025-12-29 22:00:00,356.7,362.2,356.1,360.7,351.16494643398863,347.7477419060352,352.4703009492987,340.3885564694654,Up,15152
2025-12-29 23:00:00,360.7,363.0,358.2,360.1,351.97722403089875,348.23214418422987,352.5462183527883,341.79868769951406,Up,9657
2025-12-30 00:00:00,360.2,361.4,353.8,357.1,352.4429309371807,348.5799032358287,352.59152961295956,341.79868769951406,Up,11577
2025-12-31 09:00:00,356.7,358.0,355.0,356.2,352.7844826701642,348.87873055991383,352.6274347909401,341.79868769951406,Up,350
2025-12-31 10:00:00,356.0,356.4,353.8,354.9,352.976802427422,349.11485877325055,352.65004738008497,341.79868769951406,Up,6545
2025-12-31 11:00:00,354.9,355.0,350.2,350.2,352.7243658431109,349.15741333116233,352.6256687991886,341.79868769951406,Up,7117
2025-12-31 12:00:00,350.2,352.3,348.0,349.1,352.3948780391917,349.1551618279795,352.59058751760466,341.79868769951406,Up,7045
2025-12-31 13:00:00,349.1,349.5,347.1,347.5,351.94988912653787,349.0902535209999,352.53993490548925,341.79868769951406,Up,3872
2025-12-31 14:00:00,347.5,348.6,344.5,345.1,351.3271719332162,348.9337729907647,352.46590570244956,341.79868769951406,Up,5247
2025-12-31 15:00:00,345.2,346.1,343.6,345.2,350.7701563029238,348.78735052053867,352.39360813327096,341.79868769951406,Up,4428
2025-12-31 16:00:00,345.0,346.4,344.5,345.6,350.3001420935671,348.6623563824783,352.3260100423926,341.79868769951406,Up,5222
2025-12-31 17:00:00,345.8,346.8,344.0,344.6,349.7819473577882,348.5030482890478,352.2491343205778,341.79868769951406,Up,5548
2025-12-31 18:00:00,344.6,345.7,340.5,341.2,349.001770325262,348.2166542384969,352.13919268554724,359.0680338941093,Down,13142
2025-12-31 19:00:00,341.2,345.4,339.6,344.4,348.58342756842,348.06698152326175,352.06218579315373,359.0680338941093,Down,12563
2025-12-31 20:00:00,344.4,344.6,340.2,343.3,348.1031159712909,347.88004107136913,351.97499986486366,359.0680338941093,Down,12145
2025-12-31 21:00:00,343.3,344.5,336.8,338.7,347.2482872466281,347.52003946072716,351.8429103139695,358.64461599857947,Down,17091
2025-12-31 22:00:00,338.8,340.5,336.4,336.9,346.30753386057097,347.10356732501236,351.6942246392037,356.2996509077995,Down,9227
2025-12-31 23:00:00,336.9,339.7,336.6,338.2,345.5704853277918,346.7544078220707,351.5599537472714,355.50422809799954,Down,6634
2026-01-01 00:00:00,338.4,340.7,334.0,334.2,344.5368048434471,346.2620781035581,351.3872178890896,355.50422809799954,Down,11810
2026-01-01 09:00:00,334.9,336.2,332.6,334.4,343.6152771304064,345.79689857008526,351.2181908454171,352.2663042132227,Down,256
2026-01-01 10:00:00,334.4,334.5,317.4,327.3,342.13207011855127,345.07152999870937,350.9801988967065,348.41027655747524,Down,15297
2026-01-01 11:00:00,327.3,333.0,320.6,327.1,340.7655182895921,344.366764116407,350.74258497733626,348.41027655747524,Down,9173
2026-01-01 12:00:00,327.1,328.2,326.7,327.3,339.5413802632655,343.69747924909694,350.509325425323,348.41027655747524,Down,1359
2026-01-01 13:00:00,327.3,327.3,323.6,326.3,338.33761842115047,343.0152251608971,350.26843661512083,347.89258193649533,Down,3367
2026-01-01 14:00:00,326.3,327.0,326.1,326.7,337.2796531101368,342.3754124094894,350.0339248080052,347.2796199422684,Down,924
2026-01-01 15:00:00,326.7,330.0,326.7,329.0,336.52695737285165,341.8508864326467,349.824632023846,347.2796199422684,Down,4494
2026-01-01 16:00:00,329.0,330.0,328.5,329.2,335.86087033895603,341.3547732392096,349.61941180470325,347.2796199422684,Down,2633
2026-01-01 17:00:00,329.2,330.2,329.1,329.6,335.2917003081418,340.89380173963275,349.42021367729325,347.11207358547585,Down,3689
2026-01-01 18:00:00,329.6,329.6,329.6,329.6,334.7742730074016,340.4509075537648,349.2229976208028,345.47461235043266,Down,0
2026-01-01 20:00:00,329.6,329.6,329.6,329.6,334.30388455218326,340.02538176734265,349.0277439131331,344.0314657731206,Down,0
2026-01-02 09:00:00,327.6,328.5,326.6,327.0,333.6398950474393,339.5145824823488,348.80856238165916,341.7604234301096,Down,519
2026-01-02 10:00:00,326.8,329.7,325.7,328.5,333.1726318613085,339.08263807127634,348.6064871340805,341.7604234301096,Down,7076
2026-01-02 11:00:00,328.5,328.6,324.3,324.3,332.36602896482594,338.5029267743636,348.3646315407066,341.0801020083551,Down,5122
2026-01-02 12:00:00,324.3,328.7,324.3,326.6,331.8418445134781,338.0361453322317,348.14806804278913,341.0801020083551,Down,5031
2026-01-02 13:00:00,326.5,326.5,323.2,324.2,331.1471313758892,337.49355139763435,347.90977880853256,339.63190248624386,Down,4075
2026-01-02 14:00:00,324.2,327.5,323.2,327.4,330.8064830689902,337.0977258526291,347.70570140745264,339.63190248624386,Down,3971
2026-01-02 15:00:00,327.4,328.0,326.3,326.8,330.4422573354456,336.6938934662515,347.4976844780253,339.63190248624386,Down,3514
2026-01-02 16:00:00,326.8,327.3,326.1,327.0,330.1293248504051,336.31374078130045,347.29372741854246,339.63190248624386,Down,2331
2026-01-02 17:00:00,327.0,327.9,324.8,327.3,329.87211350036824,335.96026075066123,347.094784857164,339.63190248624386,Down,4614
2026-01-02 18:00:00,327.5,331.8,326.0,329.0,329.79283045488023,335.6873093486745,346.91473724664496,339.63190248624386,Down,12378
2026-01-02 19:00:00,329.1,330.3,324.2,327.9,329.62075495898205,335.38192466833436,346.7255358810067,339.63190248624386,Down,16109
2026-01-02 20:00:00,327.9,330.3,324.3,324.6,329.16432268998363,334.95910409310557,346.505381295126,339.63190248624386,Down,15442
2026-01-02 21:00:00,324.6,325.9,322.3,325.8,328.8584751727124,334.59992354043476,346.29935760064717,339.63190248624386,Down,12821
2026-01-02 22:00:00,325.8,332.8,325.7,331.2,329.0713410661022,334.4665932055158,346.1491152364616,339.63190248624386,Down,20685
2026-01-02 23:00:00,331.2,334.9,329.3,333.1,329.43758278736567,334.41300131510343,346.0192732938103,339.63190248624386,Down,12797
2026-01-03 00:00:00,333.1,334.5,331.0,332.5,329.7159843521506,334.33798165568766,345.8847531615336,339.63190248624386,Down,10668
2026-01-05 09:00:00,323.3,323.3,313.1,314.5,328.3327130474096,333.5600215907587,345.57246706042383,339.63190248624386,Down,1032
2026-01-05 10:00:00,314.5,314.9,312.3,312.7,326.9115573158269,332.741981528376,345.245377835942,335.1134845849253,Down,9837
2026-01-05 11:00:00,312.7,316.4,312.0,315.5,325.8741430143881,332.06582539000834,344.9494039271267,335.1134845849253,Down,4481
2026-01-05 12:00:00,315.5,316.2,312.0,314.6,324.849220922171,331.3808910609884,344.64741980844883,334.8615575082027,Down,5419
2026-01-05 13:00:00,314.6,315.8,313.6,314.8,323.9356553837918,330.7306600389889,344.35043055662345,334.37414318927523,Down,1574
2026-01-05 14:00:00,314.8,316.9,314.8,316.4,323.2505958034471,330.1686733707933,344.0723168197417,334.37414318927523,Down,2242
2026-01-05 15:00:00,316.4,317.9,315.6,316.4,322.62781436677005,329.6287253954681,343.7969703837244,334.37414318927523,Down,2407
2026-01-05 16:00:00,316.4,317.5,315.3,317.5,322.1616494243364,329.15308910544974,343.5353089868714,333.37290998442904,Down,3374
2026-01-05 17:00:00,317.5,317.9,315.7,316.0,321.60149947666946,328.63728168954975,343.26132581287277,333.02991816766274,Down,3346
2026-01-05 18:00:00,316.1,317.0,313.4,314.0,320.91045406969954,328.06327064290076,342.9701683420979,331.26356197060255,Down,8285
2026-01-05 19:00:00,314.0,314.7,307.6,311.7,320.0731400633632,327.4215737549439,342.65902238844524,328.3350563369114,Down,18583
2026-01-05 20:00:00,311.7,312.3,304.7,307.1,318.89376369396655,326.6246492939657,342.3052012701523,326.88641485173764,Down,30244
2026-01-05 21:00:00,307.2,311.9,306.9,310.2,318.1034215399696,325.98054540008474,341.98574653114576,326.88641485173764,Down,11761
2026-01-05 22:00:00,310.2,311.9,309.0,311.7,317.52129230906326,325.42052401184617,341.6843958193931,326.88641485173764,Down,7840
2026-01-05 23:00:00,311.8,315.7,309.6,314.2,317.21935664460295,324.980503462362,341.4109192440758,326.88641485173764,Down,14168
2026-01-06 00:00:00,314.2,317.6,312.5,316.6,317.1630514950936,324.65185626775957,341.1640444257268,326.88641485173764,Down,16296
2026-01-06 09:00:00,313.7,314.0,312.6,313.6,316.8391377228124,324.2184501396122,340.88977532696333,326.88641485173764,Down,247
2026-01-06 10:00:00,313.6,314.7,312.2,313.2,316.5083070207385,323.78635405570583,340.6142551744562,326.88641485173764,Down,4531
2026-01-06 11:00:00,313.2,313.8,312.5,313.2,316.20755183703506,323.3712029162664,340.3414765160039,326.88641485173764,Down,2488
2026-01-06 12:00:00,313.2,313.4,310.0,311.2,315.7523198518501,322.8939008411187,340.0515115755462,326.88641485173764,Down,6083
2026-01-06 13:00:00,311.2,311.5,309.4,310.4,315.26574531986364,322.40394394538856,339.75647165937164,325.99538574712494,Down,3400
2026-01-06 14:00:00,310.4,311.2,309.8,310.7,314.8506775635124,321.9449657514518,339.4673525383829,325.1412597701136,Down,1699
2026-01-06 15:00:00,310.7,311.4,309.5,311.2,314.5187977850113,321.5235945455125,339.1860853489463,324.45114524555777,Down,2283
2026-01-06 16:00:00,311.2,313.7,310.9,312.6,314.34436162273755,321.1736496613747,338.92154718627023,324.45114524555777,Down,5019
2026-01-06 17:00:00,312.6,313.7,309.1,310.7,314.0130560206705,320.76291830210516,338.6407357714815,324.45114524555777,Down,6575
2026-01-06 18:00:00,310.3,311.8,307.3,309.4,313.5936872915186,320.3173136628069,338.3497831767404,324.06776502295855,Down,10882
2026-01-06 19:00:00,309.3,309.3,305.1,306.0,312.90335208319874,319.7558503819125,338.0278947869221,321.96160456632595,Down,14654
2026-01-06 20:00:00,306.1,307.3,302.8,306.8,312.348501893817,319.247777817916,337.7171694656592,320.1060041512054,Down,18805
2026-01-06 21:00:00,306.5,307.2,302.1,302.5,311.4531835398336,318.59100221721343,337.366749868986,320.1060041512054,Down,11880
2026-01-06 22:00:00,302.4,309.0,302.2,307.7,311.1119850362124,318.1639040910482,337.07155832800106,320.1060041512054,Down,14748
2026-01-06 23:00:00,307.7,309.0,305.4,307.3,310.76544094201125,317.7378686364973,336.77532391677715,320.1060041512054,Down,10808
2026-01-07 00:00:00,307.3,308.3,305.5,306.1,310.3413099472829,317.28148163114446,336.47009681312767,320.1060041512054,Down,9977
2026-01-07 09:00:00,307.8,313.6,307.8,311.7,310.4648272248026,317.0625999985506,336.22362818812144,320.1060041512054,Down,697
2026-01-07 10:00:00,312.0,312.9,308.8,311.0,310.5134792952751,316.82485097899956,335.97264681311526,320.1060041512054,Down,8714
2026-01-07 11:00:00,311.0,312.0,309.8,311.9,310.6395266320683,316.63171956805843,335.7331179891042,320.1060041512054,Down,3517
2026-01-07 12:00:00,311.9,316.6,311.9,315.5,311.0813878473348,316.58733840852676,335.5317934319987,320.1060041512054,Down,11061
2026-01-07 13:00:00,315.5,316.3,314.0,314.9,311.42853440666795,316.52116827485906,335.3265019550634,320.1060041512054,Down,3055
2026-01-07 14:00:00,314.9,315.5,313.5,315.5,311.7986676424254,316.4811224601587,335.1292233286449,320.1060041512054,Down,3450
2026-01-07 15:00:00,315.3,315.7,313.6,315.2,312.1078796749322,316.4308823636819,334.93092259900664,320.1060041512054,Down,2487
2026-01-07 16:00:00,315.3,316.1,314.8,315.2,312.3889815226656,316.38261246706696,334.7345950109568,320.1060041512054,Down,3779
2026-01-07 17:00:00,315.2,317.0,314.3,316.0,312.71725592969597,316.3676080565937,334.54818113025084,320.1060041512054,Down,7210
2026-01-07 18:00:00,315.9,316.1,312.6,314.6,312.8884144815418,316.29829009359,334.34969176577073,320.1060041512054,Down,10002
2026-01-07 19:00:00,314.7,318.6,313.9,317.7,313.3258313468562,316.35325910952764,334.1840231909869,320.1060041512054,Down,19308
2026-01-07 20:00:00,317.9,319.3,311.0,314.3,313.4143921335056,316.2727391444481,333.9861722139622,320.1060041512054,Down,22341
2026-01-07 21:00:00,314.4,317.9,313.8,314.8,313.5403564850051,316.21498466819526,333.79526502775366,320.1060041512054,Down,15484
2026-01-07 22:00:00,314.8,317.6,312.3,316.5,313.8094149863682,316.22616174003076,333.62317283842276,320.1060041512054,Down,17672
2026-01-07 23:00:00,316.5,316.8,315.2,316.6,314.063104533062,316.24082206395116,333.4537880340604,320.1060041512054,Down,2361
